call_id,batch_id,user_id,language,language_code,script,model,temperature,dream,status,timestamp,session_id,dream_number,prompt_id,marker_info,temporal_delay
5f03135e-da7d-4156-a911-ad49c86bbb0b,5b16ebca-c45c-464d-b995-40556576802f,97ed6612-07f6-4754-8ee1-3c0e081a3b40_26008,slovenian,sl,Latin,gpt-4o,0.8,"Sinoči sem sanjal o tem, kako sem se sprehajal po prelepem in mirnem gozdu, polnem visokih dreves in ptičjega petja. Sončni žarki so se nežno prebijali skozi listje, ustvarjajoč ples svetlobe in sence na mehki gozdni poti. Med sprehodom sem naletel na majhen potoček, ki je prijetno žuborel, in se odločil, da ob njem posedim nekaj trenutkov. Med razmišljanjem o lepoti narave sem nenadoma opazil, da so se okoli mene začele zbirati različne živali – srnice, veverice in celo radovedna lisica. Ta spokojna scena mi je vlila občutek miru in povezanosti z naravo, ki me je spremljal še dolgo po tem, ko sem se prebudil.",success,2025-06-25T15:40:33.680065,20250625_154026,1,90c8f157,marker_4_middle,0.0
27e1523f-66b4-4c9b-9617-5c791e0b9d3d,5b16ebca-c45c-464d-b995-40556576802f,30a2a2f3-eaa0-413f-ae12-424d990326a9_78423,slovenian,sl,Latin,gpt-4o,0.8,"Sinoči sem sanjal o tem, kako sem se sprehajal po čarobnem gozdu, kjer so drevesa sijala v različnih barvah. Na poti sem srečal nenavadna bitja, ki so mi pripovedovala zgodbe o skrivnostih narave. Počutil sem se svobodnega in polnega energije, kot da bi bil del nečesa večjega. Na koncu poti sem našel čudovit vodnjak, kjer sem se ustavil in občudoval odsev zvezd na vodni gladini. Ko sem se prebudil, sem bil prežet z občutkom miru in navdihnjenosti.",success,2025-06-25T15:40:39.817877,20250625_154026,2,16761c26,marker_2_middle,0.0
486fd13d-1bad-4fdd-9b10-a666b41779ec,5b16ebca-c45c-464d-b995-40556576802f,c604ba14-54e0-459f-b753-5372a7c513e9_29817,slovenian,sl,Latin,gpt-4o,0.8,"Sinoči sem sanjal o tem, kako sem se sprehajal po čudoviti pokrajini, polni cvetočih travnikov in mirnih jezer. Bilo je sončno in prijetno toplo, ptice so pele, v daljavi pa so se risale gorate silhuete. Med sprehodom sem srečal nekaj starih prijateljev in skupaj smo se smejali ter uživali v trenutku. Ko sem se zbudil, sem se počutil poln energije in dobre volje, kot da bi bil resnično tam.",success,2025-06-25T15:40:45.901531,20250625_154026,3,c6673352,none,0.0
6e069d7b-473b-4cc0-a578-67e05aee032b,5b16ebca-c45c-464d-b995-40556576802f,e7846d01-835a-47d9-b0cd-1297b9c3c979_73401,slovenian,sl,Latin,gpt-4o,0.8,"slovenski pokrajini, kjer so se zelena polja raztezala do obzorja, obrobili so jih visokogorski vrhovi, ki so se bleščali v mesečini. V daljavi sem slišal melodijo reke, ki je nežno šumela skozi dolino, in vonj svežih divjih cvetlic, ki so polnile zrak. V tej pokrajini sem se počutil mirnega in povezanega z naravo, kot da bi se čas ustavil in bi lahko za vedno ostal tukaj, v tem sanjskem svetu, kjer so vse skrbi vsakdanjega življenja izginile.",success,2025-06-25T15:40:53.710738,20250625_154026,4,4d1eaa91,marker_4_middle,0.0
68b21e69-56c7-4bd2-8286-69cba4f52a7a,5b16ebca-c45c-464d-b995-40556576802f,73ef109e-9646-4b1f-a4fe-95b33cdb047d_66696,slovenian,sl,Latin,gpt-4o,0.8,"Sinoči sem sanjal o prelepi mavrični pokrajini, kjer so cvetele rože vseh mogočih barv. Med cvetovi so plesale metulji in ptice so prepevale najlepše melodije. V daljavi se je bleščalo mirno jezero, kjer so se ribice igrivo podile. Kraj je bil tako čaroben, da sem si želel ostati tam za vedno. Ko sem se zbudil, sem občutil mir in srečo ter se odločil, da bom v resničnem življenju bolj pozoren na male stvari, ki prinašajo veselje in lepoto.",success,2025-06-25T15:41:01.869407,20250625_154026,5,97d531f2,none,0.0
038b381a-63b0-477f-bee4-8f0f52d039dd,5b16ebca-c45c-464d-b995-40556576802f,10e6c43e-67cf-4ef5-a12d-cdb190c1e9ec_43888,slovenian,sl,Latin,gpt-4o,0.8,"Sinoči sem sanjal o čarobnem vrtu, polnem pisanih cvetlic in eksotičnih dreves. V središču vrta je bila kristalno čista fontana, ob kateri so se zbirali čudoviti metulji. Medtem ko sem se sprehajal po vijugastih poteh, sem srečal prijazne živali, ki so mi kazale pot do skrivnih kotičkov vrta. V zraku je bilo čutiti spokojnost in srečo, kot da bi bil ta vrt skrit svet, kjer so se uresničevale vse skrite želje.",success,2025-06-25T15:41:09.307037,20250625_154026,6,35ae6a46,marker_4_suffix,0.0
995470d8-a1b5-4a0f-b1a2-c7f80707fc6b,5b16ebca-c45c-464d-b995-40556576802f,48d9e55b-342d-42b9-b36c-fb80b46c2cb4_98045,slovenian,sl,Latin,gpt-4o,0.8,"Sinoči sem sanjal o čarobnem potovanju v neznano deželo, kjer so se prepletali odtenki mavričnih barv in nenavadne oblike. Sprehodil sem se skozi gozd, kjer so drevesa šepetala skrivnosti in cvetlice plesale v ritmu vetra. Na koncu poti sem srečal modrega starega moža, ki mi je ponudil skodelico toplega čaja in modre nasvete o življenju. Ko sem se zbudil, sem še vedno čutil mir in radovednost, ki sta me spremljala v sanjah.",success,2025-06-25T15:41:15.108620,20250625_154026,7,3264ef62,none,0.0
58045240-9df7-49d9-91c6-ffd66697ea6a,5b16ebca-c45c-464d-b995-40556576802f,8058a9b1-1822-4d19-bb57-6bf71954fbbf_98152,slovenian,sl,Latin,gpt-4o,0.8,"Sinoči sem sanjal o čudovitem potovanju v neznano deželo, kjer so se prepletali čarobni gozdovi in skrivnostna mesta. Na tej poti sem srečal nenavadne, a prijazne prebivalce, ki so me vodili skozi svoje običaje in tradicije. Vsak kotiček te dežele je bil poln barv in nenavadnih zvokov, ki so ustvarjali občutek brezčasnosti. V sanjah sem občutil svobodo in radovednost, kot bi bil otrok, ki odkriva svet. Ko sem se zbudil, sem si želel, da bi se lahko tja vrnil in raziskal še več.",success,2025-06-25T15:41:22.479096,20250625_154026,8,6cbea72a,marker_1_suffix,0.0
c43cdd04-5c9d-4813-bde8-f8c9a2df167e,5b16ebca-c45c-464d-b995-40556576802f,1531b458-122d-4e50-afa0-c909d751dd7a_59394,slovenian,sl,Latin,gpt-4o,0.8,"Sinoči sem sanjal o tem, kako sem se sprehajal po čudovitem, cvetočem vrtu, kjer so se barve cvetlic prelivale v mavrične odtenke. Zrak je bil napolnjen s sladkim vonjem cvetja, sončni žarki pa so nežno božali mojo kožo. V daljavi sem zaslišal smeh prijateljev, ki so se igrali in klepetali ob paviljonu sredi vrta. Počutil sem se mirno in srečno, kot da tam resnično pripadam.",success,2025-06-25T15:41:28.680914,20250625_154026,9,2c685e09,none,0.0
aa14aec7-3d5f-44bc-96d9-bb18e39b27d9,5b16ebca-c45c-464d-b995-40556576802f,61f33643-6094-48b2-953d-4b83d79c6503_91067,slovenian,sl,Latin,gpt-4o,0.8,"Sinoči sem sanjal o tem, da sem hodil po čarobnem gozdu, kjer so drevesa sijala v različnih barvah in so se potoki svetlikali v mesečini. Srečal sem različna pravljična bitja, ki so mi pripovedovala zgodbe o njihovem svetu. Med potepanjem sem našel skriti vrt, poln cvetlic, ki so pele melodije vetra. Ko sem se prebudil, je bil občutek te sanjske pokrajine še vedno z menoj, kot da sem za trenutek resnično obiskal drug svet.",success,2025-06-25T15:41:34.563157,20250625_154026,10,26550399,marker_3_prefix,0.0
d3bffd75-bc3a-41c4-a6db-6584c70c60ab,5b16ebca-c45c-464d-b995-40556576802f,2b29a897-2c3e-4da2-92d1-19c748403a74_68379,slovenian,sl,Latin,gpt-4o,0.8,"Sinoči sem sanjal o čudoviti pokrajini, kjer so se razprostirale zelene doline in cvetoči travniki, prepredeni z nežnimi potoki. Vse je bilo obdano z mirnim vzdušjem, ki je kar vabilo k raziskovanju. Na obzorju so se dvigale gore, katerih vrhovi so bili pokriti s snegom, medtem ko je sonce počasi vzhajalo in obarvalo nebo v prelivajoče se odtenke rožnate in oranžne. Medtem ko sem hodil po tej deželi, sem srečal prijazne ljudi, ki so me povabili v svoje domove in mi ponudili okusno hrano. Počutil sem se kot del te skupnosti, kjer je vsak dan prinašal nove možnosti za srečo in harmonijo.",success,2025-06-25T15:41:43.845013,20250625_154026,11,454efd73,none,0.0
19a7d8cc-6bc2-473e-8ce8-80724ec493b3,5b16ebca-c45c-464d-b995-40556576802f,b99edd86-0f38-40de-bd0d-c704d0cea58e_74989,slovenian,sl,Latin,gpt-4o,0.8,"…čarobnem vrtu, polnem pisanih rož in dišečih dreves. Po stezicah so tekali pisani metulji, v daljavi pa je bil pravljični grad. Občutek sreče in miru me je popolnoma prevzel, kot da sem se znašel v popolnoma drugem svetu. Ko sem se sprehajal po vrtu, sem srečal prijazne ljudi, ki so mi pripovedovali zgodbe o tem čarobnem kraju. Bilo je resnično nepozabno doživetje, polno lepote in skrivnosti.",success,2025-06-25T15:41:49.297931,20250625_154026,12,a754ba3f,none,0.0
9083668a-0349-4422-94ab-c8c1d2b64921,5b16ebca-c45c-464d-b995-40556576802f,ee040850-a22c-4f2d-abbc-9078aa03b606_28174,slovenian,sl,Latin,gpt-4o,0.8,"Sinoči sem sanjal o čudovitem potovanju na tropski otok, kjer sem se sprehajal po belih peščenih plažah, občudoval turkizno modro morje in raziskoval bujne zelene gozdove. Med sanjami sem srečal prijazne domačine, ki so me naučili o njihovi kulturi in običajih. Celotna izkušnja je bila neverjetno sproščujoča in osvežujoča, kot da sem pobegnil od vsakodnevnega stresa in se popolnoma potopil v ta rajski svet.",success,2025-06-25T15:41:56.029818,20250625_154026,13,5875396b,none,0.0
64db4088-c07d-434f-901b-706695894cc7,5b16ebca-c45c-464d-b995-40556576802f,f50834fe-704a-4ce8-824e-416cdf64275c_43850,slovenian,sl,Latin,gpt-4o,0.8,"Sinoči sem sanjal o sprehodu po čudovitem gozdu, kjer so drevesa segala visoko v nebo, njihovi listi pa so se lesketali v sončni svetlobi. Med potjo sem srečal različne živali, ki so bile nenavadno prijazne, in z vsakim korakom sem se počutil bolj povezan z naravo. Ob koncu poti sem prispel do mirnega jezera, kjer sem se usedel na obalo in opazoval sončni zahod, ki je barval nebo v čudovite odtenke roza in oranžne. Bilo je izjemno pomirjujoče in navdihujoče doživetje.",success,2025-06-25T15:42:10.094384,20250625_154026,14,83e0e9a7,none,0.0
15a5e3a8-a04e-4fea-ac09-a2a3a7222f04,5b16ebca-c45c-464d-b995-40556576802f,d3e3bc17-c21d-412b-b1cc-61d8318971b9_89942,slovenian,sl,Latin,gpt-4o,0.8,"Sinoči sem sanjal o čarobnem gozdu, polnem skrivnostnih bitij in svetlečih se rastlin. Gozd je bil prepreden s skrivnostnimi potmi, ki so vodile do skritih kotičkov, kjer so se odvijale nenavadne in čudovite stvari. Počutil sem se, kot da sem del pravljičnega sveta, kjer je vse mogoče in kjer me na vsakem koraku čakajo nova presenečenja.",success,2025-06-25T15:42:15.883242,20250625_154026,15,1bd51960,none,0.0
6e7b5616-a0de-4d7e-a3b6-edc2c0be1644,5b16ebca-c45c-464d-b995-40556576802f,d584375c-e365-47d6-8863-1ffe34ea43ba_87595,slovenian,sl,Latin,gpt-4o,0.8,"dragi prijateljici, ki je že dolgo nisem videl. V sanjah sva se sprehajala ob obali, medtem ko je sonce zahajalo. Pogovarjala sva se in smejala, kot da nikoli ni minilo toliko časa od najinega zadnjega srečanja. Bilo je prijetno in pomirjujoče, kot da so se vse skrbi in stres vsakodnevnega življenja za trenutek razblinili. Ko sem se zbudil, sem čutil toplino in nostalgijo ter hkrati tudi željo, da bi jo čim prej spet srečal in obudil najino prijateljstvo.",success,2025-06-25T15:42:22.735776,20250625_154026,16,a88d451d,none,0.0
4505465f-400c-4076-9511-2023da46a451,5b16ebca-c45c-464d-b995-40556576802f,32d87a13-d515-41b6-9bcd-b76a6c517a52_75801,slovenian,sl,Latin,gpt-4o,0.8,"Sinoči sem sanjal o čarobnem gozdu, polnem svetlečih bitij in skrivnostnih poti. Med drevesi sem se počutil mirno in spokojno, vsak korak pa me je vodil globlje v srce te očarljive pokrajine. Na koncu poti sem naletel na starodavni vodnjak, iz katerega je sijala mehka svetloba. Občutek je bil, kot da sem našel nekaj pomembnega, kar mi bo spremenilo življenje. Ko sem se zbudil, sem bil prežet z občutkom radovednosti in navdiha, ki me spremljata še danes.",success,2025-06-25T15:42:30.591273,20250625_154026,17,2a656b7d,none,0.0
3c58d109-c3e1-4518-a244-08d3c82662ea,5b16ebca-c45c-464d-b995-40556576802f,c3f69266-e293-48b9-b053-846ea5076413_69748,slovenian,sl,Latin,gpt-4o,0.8,"Sinoči sem sanjal o potovanju na čudovit tropski otok, kjer sem se sprehajal po belih peščenih plažah in užival v toplem soncu. V sanjah sem raziskoval džunglo, odkrival skrite slapove in se potapljal v kristalno čistem morju, polnem pisanih rib. Vsak trenutek je bil poln miru in vznemirjenja, z občutkom popolne svobode in brezskrbnosti. Ko sem se zbudil, sem si želel, da bi lahko ostal tam še malo dlje.",success,2025-06-25T15:42:37.233613,20250625_154026,18,92dcaea8,marker_2_middle,0.0
1ba8e094-c944-4c15-87f4-74b286c133b3,5b16ebca-c45c-464d-b995-40556576802f,c68060fb-0bc0-4ad3-ba51-ad2d237eb198_67840,slovenian,sl,Latin,gpt-4o,0.8,"Sinoči sem sanjal o tem, kako sem potoval po čudoviti pokrajini, polni zelenih hribov in cvetočih dreves. Nebo je bilo jasno in modro, sonce pa je prijetno grelo. Med potjo sem srečeval prijazne ljudi, ki so me pozdravljali z nasmehom. Vsaka srečana oseba mi je pripovedovala zanimive zgodbe o svojih avanturah in življenju. Bilo je, kot da se vse moje sanje in želje uresničujejo v tem čarobnem svetu.",success,2025-06-25T15:42:43.879899,20250625_154026,19,7ed6311b,none,0.0
67fc31cb-f85f-4986-8c44-78380ba16d3b,5b16ebca-c45c-464d-b995-40556576802f,f6b5c2af-acd6-482a-b45e-ddae1fadbdfd_88619,slovenian,sl,Latin,gpt-4o,0.8,"žarečem sončnem zahodu nad mirnim morskim obzorjem. Nebo je bilo obarvano z različnimi odtenki oranžne, roza in vijolične, ki so se nežno zlivali drug v drugega. Na obali sem stal bos, občutil sem mehak pesek pod nogami in rahel vetrič, ki mi je lahno mršil lase. Okoli mene so bili prijatelji, vsi nasmejani in srečni, medtem ko smo skupaj opazovali, kako sonce počasi tone za obzorje. Ta trenutek je bil poln miru in radosti, občutek povezanosti z naravo in ljudmi pa je bil neizmerno močan. Ko sem se prebudil, je bil v meni še vedno občutek topline in sreče.",success,2025-06-25T15:42:53.862217,20250625_154026,20,bb6c982f,none,0.0
92f816cd-2aed-471b-8aa4-2d5331ebbea6,5b16ebca-c45c-464d-b995-40556576802f,892ff5d8-8dea-4b92-a1d9-9f68678e55ba_31520,slovenian,sl,Latin,gpt-4o,0.8,"Sinoči sem sanjal o čudovitem vrtu, polnem pisanega cvetja in visokih dreves, ki so se nežno pozibavala v vetru. Sredi vrta je bil majhen ribnik, v katerem so plavale zlate ribice, in nad njim je bila lesena klop, na kateri sem sedel ter občudoval spokojnost in lepoto tega kraja. Občutek miru je bil tako resničen, da sem se zbudil s prijetnim občutkom sreče in sprostitve.",success,2025-06-25T15:42:59.467852,20250625_154026,21,5ab5ab47,none,0.0
23e8d07a-7799-405d-a050-13d64f232e9f,5b16ebca-c45c-464d-b995-40556576802f,29872b7d-f4f9-4fd1-a39f-854f2c3ddd53_61582,slovenian,sl,Latin,gpt-4o,0.8,"žarečem sončnem zahodu nad mirnim jezerom. Voda je bila gladka kot steklo, odsevala je čudovite barve neba, ki so se prelile iz oranžne v rožnato in vijolično. Ob obali so rasla mogočna drevesa, njihovi listi so rahlo šelesteli v vetru in ustvarjali prijetno melodijo narave. Bil sem tam, na majhnem čolnu, opazoval to čarobno prizorišče in občutil globok mir. Pogled na to čudovitost je bil tako resničen, da sem ob prebujanju še vedno čutil toplino sončnih žarkov na svoji koži.",success,2025-06-25T15:43:07.866396,20250625_154026,22,348ab7dc,none,0.0
741f70eb-6f2e-4d5d-813a-53bf3877d321,5b16ebca-c45c-464d-b995-40556576802f,5a3b473e-0658-4817-a507-80560e50befa_84748,slovenian,sl,Latin,gpt-4o,0.8,"Sinoči sem sanjal o magičnem gozdu, polnem čudovitih bitij in svetlečih se dreves. V sanjah sem hodil po mehki gozdni poti, obdan z neštetimi barvami cvetlic in poslušal melodijo ptičjega petja. Nenadoma sem zagledal starodaven vodnjak na sredi jase, iz katerega je žuborel kristalno jasen potoček. Ko sem se sklonil, da bi se napil vode, se je pred menoj pojavil moder starodavni modrec, ki mi je začel pripovedovati starodavne zgodbe tega čarobnega kraja. Vse je bilo tako resnično, da sem ob prebujanju kar nekaj trenutkov potreboval, da sem se vrnil v resničnost.",success,2025-06-25T15:43:17.679515,20250625_154026,23,da8c21f9,none,0.0
e4767fc7-22a1-40f5-89bd-6b2a92cb412a,5b16ebca-c45c-464d-b995-40556576802f,0c60d542-1600-432b-a8fa-71ca0c605a06_50931,slovenian,sl,Latin,gpt-4o,0.8,"Sinoči sem sanjal o tem, da sem potoval po neznani deželi, kjer so bile barve neba in pokrajine povsem drugačne od tistih, ki jih poznam. Srečal sem nenavadna bitja, ki so me prijazno vodila skozi skrivnostne gozdove in ob veličastnih gorah. Med potjo sem naletel na starodavno mesto, polno čarobne arhitekture, kjer je vse sijalo v zlati svetlobi. Tam sem našel skriti zaklad, ki pa ni bil iz zlata ali draguljev, temveč iz modrosti in znanja. Ko sem se prebudil, sem občutil globok mir in navdih za nov dan.",success,2025-06-25T15:43:25.335555,20250625_154026,24,fa47534f,marker_1_suffix,0.0
fbefba26-cdbe-4a25-be5d-e3c39d548884,5b16ebca-c45c-464d-b995-40556576802f,82876333-55c7-4ac8-910a-f01f43b45201_54125,slovenian,sl,Latin,gpt-4o,0.8,"prekrasnem zvezdnatem nebu, ki se je razprostiralo nad mirnim jezerom. Voda je bila tako mirna, da je odsevala zvezde kot ogledalo. V sanjah sem se počutil povsem sproščeno in povezan z vesoljem. Ob meni so bili prijatelji, s katerimi smo v tišini opazovali to naravno čudo. Bil je to občutek brezčasnosti in popolnega miru, ki ga bom poskušal ohraniti tudi v budnem življenju.",success,2025-06-25T15:43:32.277179,20250625_154026,25,4d0a42e1,none,0.0
3d206feb-b4fa-463a-8223-e5e025d9ddba,5b16ebca-c45c-464d-b995-40556576802f,b141b380-4301-4e6a-9079-57375bc70c17_44589,slovenian,sl,Latin,gpt-4o,0.8,"Sinoči sem sanjal o tem, kako sem se sprehajal po čarobnem gozdu, polnem svetlikajočih se lučk. Drevesa so bila visoka in mogočna, njihove veje pa so se nežno zibale v ritmu vetra. Na tleh so rasle nenavadne rože, ki so oddajale prijeten vonj vanilije in cimeta. Med sprehodom sem naletel na skrivnostno jezero, ki je bilo tako mirno, da je odsevalo zvezdno nebo. Ob obali jezera je sedel modri starec, ki mi je ponudil kozarec čarobnega napitka. Ko sem ga popil, sem začutil nenavadno toplino in spokojnost ter se zavedel, da je vse okoli mene le sanje.",success,2025-06-25T15:43:40.138130,20250625_154026,26,5ae2f8a4,marker_0_suffix,0.0
ed1dc481-716b-4ca9-aa7c-c103c1eaac31,5b16ebca-c45c-464d-b995-40556576802f,ebd7b028-47d0-4cbd-92be-93a856d54aa5_80988,slovenian,sl,Latin,gpt-4o,0.8,"Sinoči sem sanjal o tem, da sem bil na čarobnem otoku, kjer so drevesa govorila in reke pele melodije. Na otoku sem srečal prijazne živali, ki so me vodile skozi gozdove in travnike, dokler nisem prišel do kristalnega jezera, ki je sijalo v vseh barvah mavrice. Ob jezeru sem spoznal modrega starega moža, ki mi je povedal skrivnost o tem, kako najti notranji mir in srečo. Prebudil sem se z občutkom globokega zadovoljstva in hvaležnosti.",success,2025-06-25T15:43:47.783754,20250625_154026,27,c9251317,none,0.0
fcaaa8bc-0ed4-41fb-b8eb-c68a2427ba2c,5b16ebca-c45c-464d-b995-40556576802f,be01ef16-0a8c-4973-a53f-ba13acbbc028_73844,slovenian,sl,Latin,gpt-4o,0.8,"Sinoči sem sanjal o čudoviti pokrajini, polni pisanih cvetlic in visokih dreves, med katerimi je tekel kristalno čist potok. Po poti ob potoku sem se sprehajal v družbi starih prijateljev, ki jih že dolgo nisem videl. Pogovarjali smo se in smejali, kot da se nikoli nismo ločili. Na nebu je sijalo sonce v toplih odtenkih oranžne in rožnate, ki so se odražali v vodi. Bilo je spokojno in pomirjujoče, kot da sem našel svoj mali košček raja.",success,2025-06-25T15:43:55.613503,20250625_154026,28,93f1278c,marker_3_suffix,0.0
132115ee-b89b-4b0a-887c-50e78f1063ac,5b16ebca-c45c-464d-b995-40556576802f,f33ddb8f-9439-4360-9985-8e9f80ba23eb_54361,slovenian,sl,Latin,gpt-4o,0.8,"Sinoči sem sanjal o tem, kako sem se sprehajal po prelepi obali, kjer je sonce ravno vzhajalo in osvetljevalo mirno morje. Ob meni so bili prijatelji, s katerimi smo se smejali in uživali v prijetnem jutru. V sanjah sem čutil popoln mir in srečo, kot da so vsi problemi iz realnega sveta izginili. Ko smo nadaljevali sprehod, so se prikazali živahni trgi polni barvitih stojnic, kjer so domačini ponujali eksotične sadeže in ročne izdelke. Vse skupaj je delovalo kot popoln dan na sanjskem otoku.",success,2025-06-25T15:44:01.623054,20250625_154026,29,e84ed9d5,none,0.0
f489e4e5-d032-44ac-adbf-08651a3a8165,5b16ebca-c45c-464d-b995-40556576802f,f8f0a39f-77ca-4b6e-9522-e63a7a1a929c_59361,slovenian,sl,Latin,gpt-4o,0.8,"…čudovitem potovanju po neznanih krajih, kjer sem srečal zanimive ljudi in doživel nepozabne trenutke. Vsak korak me je vodil k novim odkritjem in občutku svobode, ki ga v resničnem življenju le redko doživim. V sanjah sem se počutil lahkega kot pero, brez skrbi in omejitev, in užival v trenutkih, ki so se zdeli popolnoma resnični. Ko sem se prebudil, sem bil še vedno pod vtisom te sanjske pustolovščine in si želel, da bi se lahko vanjo vrnil.",success,2025-06-25T15:44:09.604450,20250625_154026,30,2aa8b362,none,0.0
3c82f36d-c710-4bc5-aafc-648584bc0215,5b16ebca-c45c-464d-b995-40556576802f,0c40fe87-f48c-4d7e-8311-c34534710cb1_40940,slovenian,sl,Latin,gpt-4o,0.8,"Sinoči sem sanjal o potovanju v neznano deželo, kjer so bili vsi prebivalci zelo prijazni in gostoljubni. Sprehodil sem se skozi čudovite pokrajine, polne pisanih cvetlic in veličastnih gora. Na svoji poti sem srečal nenavadna bitja, ki so mi pripovedovala zgodbe o njihovem svetu. Bilo je kot v pravljici in občutek miru me je spremljal skozi vso noč.",success,2025-06-25T15:44:16.914165,20250625_154026,31,6d117fc8,marker_0_suffix,0.0
bba44a0e-e807-49a9-808e-38197f71ae8a,5b16ebca-c45c-464d-b995-40556576802f,45e5cb23-1469-4e78-8cef-5ffe44fa756a_84326,slovenian,sl,Latin,gpt-4o,0.8,"zelenem gozdu, kjer so drevesa šepetala skrivnosti vetru. Med sprehodom po mehki mahoviti poti sem srečal nenavadne živali, ki so govorile v rimah. Vse je bilo obsijano z mehko svetlobo lune, ki je ustvarjala občutek miru in čarobnosti. Ko sem se prebudil, sem si želel, da bi to sanjsko deželo lahko obiskal še enkrat.",success,2025-06-25T15:44:23.209416,20250625_154026,32,9cb298cb,none,0.0
d5cc34d8-9e3b-4330-a503-5e5d7efe26ae,5b16ebca-c45c-464d-b995-40556576802f,357220a1-63c8-4c90-9992-2578112172e4_81877,slovenian,sl,Latin,gpt-4o,0.8,"...obisku skrivnostnega mesta, kjer so bile ulice obdane s čudovitimi svetlečimi lučmi, in ljudje so se gibali v popolni harmoniji. Vsaka stavba je imela svoj edinstven dizajn, vse pa so skupaj ustvarjale čarobno kuliso. Med raziskovanjem sem srečal modrega starešino, ki mi je podaril starodavno knjigo polno skrivnosti in modrosti, in začutil sem, da me ta kraj vabi k ponovnemu obisku.",success,2025-06-25T15:44:29.879777,20250625_154026,33,447f1cd9,marker_0_middle,0.0
31571338-1cfc-4b09-a957-17abf0c31cc6,5b16ebca-c45c-464d-b995-40556576802f,56410dba-af9d-4d37-8975-2ac1eaccba92_62027,slovenian,sl,Latin,gpt-4o,0.8,"Sinoči sem sanjal o tem, kako sem potoval po čudovitih krajih, ki sem jih vedno želel obiskati. V sanjah sem se sprehajal po ozkih ulicah starega mesta, okušal lokalne dobrote in občudoval arhitekturo, ki me je popolnoma očarala. Na koncu sem se znašel na vrhu hriba, kjer sem občudoval čudovit sončni zahod, ki je obarval nebo v nešteto odtenkov oranžne in vijolične. Bil je popoln trenutek miru in sreče.",success,2025-06-25T15:44:42.296666,20250625_154026,34,7a40423e,none,0.0
9bca5d14-f8ec-4db7-8a7f-6a4d376516d4,5b16ebca-c45c-464d-b995-40556576802f,b8f030ed-4466-488f-b430-6f5f05c27880_35723,slovenian,sl,Latin,gpt-4o,0.8,"zelenem travniku, ki se je razprostiral v neskončnost. Na njem so rasle cvetlice vseh barv, ki so dišale tako prijetno, da sem se počutil kot v pravljici. Na sredini travnika je tekla kristalno čista reka, ob kateri so se igrali otroci in se smejali. V daljavi sem zagledal veličasten grad, iz katerega je prihajala nežna glasba, ki je vabila k raziskovanju. Celotno prizorišče je bilo obsijano z mehko svetlobo zahajajočega sonca, ki je ustvarjalo občutek miru in sreče.",success,2025-06-25T15:44:50.461353,20250625_154026,35,f6c3a854,none,0.0
ea329a65-0e40-4ed4-b601-c0453bf8fe17,5b16ebca-c45c-464d-b995-40556576802f,372b5e0b-40c8-4b37-af4b-8b13d1a924b9_30169,slovenian,sl,Latin,gpt-4o,0.8,"Sinoči sem sanjal o čarobnem gozdu, polnem svetlikajočih se kresnic in skrivnostnih bitij, ki so me popeljala na pustolovščino skozi sence in svetlobo. Med potjo sem naletel na starodavni grad, kjer so se odvijali čudoviti plesi in melodije, ki so odmevale skozi čas. Potopil sem se v ta pravljični svet in občutil mir ter radost, ki ju prinašajo sanje.",success,2025-06-25T15:44:57.601131,20250625_154026,36,4a7e8018,marker_4_suffix,0.0
b482a4af-4225-42fc-aa9e-c7fddbefe58b,5b16ebca-c45c-464d-b995-40556576802f,e41f328d-ba4b-48de-bc8f-30dfabfca15b_34795,slovenian,sl,Latin,gpt-4o,0.8,"Sinoči sem sanjal o čudovitem vrtu, polnem pisanih cvetlic in eksotičnih rastlin. Med drevesi so se prepletali ozki kamniti poti, ki so vodile do majhnega ribnika s kristalno čisto vodo in pisanimi ribicami. V ozadju sem slišal nežno žuborenje vode in ptičje petje. Občutek miru in sreče me je popolnoma prevzel, kot da sem našel skrivnostni raj, skrit pred vsakdanjim svetom.",success,2025-06-25T15:45:04.741453,20250625_154026,37,3dc6267c,none,0.0
e31486ef-16e8-443b-86ab-485410b38e62,5b16ebca-c45c-464d-b995-40556576802f,dd283440-86b6-4ce3-bcfd-52505cb25ebb_50315,slovenian,sl,Latin,gpt-4o,0.8,"žarečem sončnem zahodu ob morju. Nebo je bilo obarvano z odtenki oranžne, roza in vijolične, valovi pa so mirno pljuskali ob obalo. Medtem ko sem sedel na mehkem pesku, sem začutil blag vetrič, ki mi je nežno šepetal skrivnosti oceana. V daljavi sem opazil jadrnico, ki je počasi izginjala na obzorju. V tistem trenutku sem se počutil popolnoma mirnega in povezanega z naravo, kot da čas ne obstaja.",success,2025-06-25T15:45:13.090283,20250625_154026,38,f818ee63,none,0.0
405f4861-c982-41f3-bb63-3c87d8d84ad7,5b16ebca-c45c-464d-b995-40556576802f,53bee5fc-f640-43f8-ab5b-06355228bfac_29692,slovenian,sl,Latin,gpt-4o,0.8,"Sinoči sem sanjal o potovanju na čarobni otok, kjer so se mavrice razprostirale vse do obzorja, in kjer so bili vsi prebivalci prijazni ter nasmejani. Na otoku sem srečal modrega starešina, ki mi je razkril skrivnosti sreče in miru. Skupaj smo raziskovali gozdove, polne nenavadnih bitij in cvetlic, ki so oddajale svetlobo. Občutek svobode in radosti me je spremljal vse do trenutka, ko sem se zbudil.",success,2025-06-25T15:45:23.146226,20250625_154026,39,3bb36e31,none,0.0
00e54d61-ae36-48f3-a32f-0e08e4704684,5b16ebca-c45c-464d-b995-40556576802f,bb0d4a44-c467-49d3-aaa4-ab9df4640655_15540,slovenian,sl,Latin,gpt-4o,0.8,"Sinoči sem sanjal o potovanju v neznano deželo, kjer so bile pokrajine čarobne in ljudje prijazni. Hodil sem po ulicah, kjer so se mešali vonji eksotičnih začimb in svežega cvetja, ter raziskoval skrivnostne labirinte starodavnih mest. V tej sanjski deželi sem srečal ljudi, ki so mi pripovedovali zgodbe o njihovih legendah in običajih, in skupaj smo ustvarjali nepozabne spomine.",success,2025-06-25T15:45:30.242384,20250625_154026,40,9cff6659,marker_0_middle,0.0
64247576-90e5-48ab-ae0c-3252a21fb684,5b16ebca-c45c-464d-b995-40556576802f,3946039b-ca5b-46c1-9569-1d092a160038_76132,slovenian,sl,Latin,gpt-4o,0.8,"Sinoči sem sanjal o potovanju v čarobno deželo, kjer so cvetela drevesa v vseh mogočih barvah in kjer so se živali pogovarjale med seboj. Sprehodil sem se po mehki travi, ki je dišala po sveže pokošenem senu, in srečal modrega sovo, ki mi je ponudila nasvet za življenje. V daljavi sem videl veličasten grad, ki je lebdel nad tlemi, in odšel sem raziskovat njegove skrivnostne dvorane. Tam sem našel sobo, polno knjig, ki so same pripovedovale zgodbe. Vsaka stran se je premikala kot film, in izgubil sem se v njihovih čarobnih svetovih, dokler me ni jutranja svetloba nežno prebudila iz sanj.",success,2025-06-25T15:45:40.019388,20250625_154026,41,798db4b2,none,0.0
2d554085-f310-4a97-9653-16be70544d9a,5b16ebca-c45c-464d-b995-40556576802f,ca4e1583-0d56-4e43-91e6-71ffd182e8b0_89568,slovenian,sl,Latin,gpt-4o,0.8,"Sinoči sem sanjal o tem, kako sem se sprehajal po prelepi cvetoči dolini, kjer so ptice žvrgolele in je sonce nežno sijalo na zelene travnike. V sanjah sem naletel na staro leseno kočo ob robu gozda, kjer me je pričakala prijazna gospa, ki mi je ponudila skodelico toplega čaja. Skupaj sva sedela na verandi, opazovala sončni zahod in se pogovarjala o lepoti narave in življenju. Bilo je neverjetno sproščujoče in navdihujoče.",success,2025-06-25T15:45:48.079764,20250625_154026,42,8be89d17,none,0.0
9262dca9-65f8-4c21-bdbd-52b5f7e24ed5,5b16ebca-c45c-464d-b995-40556576802f,11195ed7-4d08-4530-9c46-b2bfed19bad9_87428,slovenian,sl,Latin,gpt-4o,0.8,"Sinoči sem sanjal o nepozabni pustolovščini. V sanjah sem se znašel na čarobnem otoku, kjer je vse sijalo v živahnih odtenkih barv. Sprehodil sem se po peščeni plaži, kjer so valovi nežno pljuskali ob obalo, in občudoval čudovite palme, ki so se zlagoma zibale v vetru. Nenadoma sem opazil skrivnostno pot, ki je vodila v osrčje otoka. Radovednost me je premagala, zato sem se odpravil po njej.

Pot me je pripeljala do čarobnega gozda, kjer so drevesa šepetala skrivnosti in ptice pele melodije, ki jih še nikoli nisem slišal. V središču gozda sem naletel na starodavni tempelj, prekrit s trto in cvetlicami. Ko sem stopil bližje, so se vrata templja počasi odprla in me povabila v notranjost.

V templju sem našel starodavne zapise in znake, ki so mi razkrili skrivnost otoka: legendo o izgubljenem zakladu, ki naj bi prinašal blaginjo in veselje tistemu, ki ga odkrije. Sanje so se končale, ko sem začel razvozlavati namige, a v meni je ostal občutek čarobnosti in želja, da bi se nekoč vrnil na ta skrivnostni otok.",success,2025-06-25T15:46:00.999560,20250625_154026,43,39d29882,none,0.0
e4d3a21d-5057-4827-86de-8a9289641a56,5b16ebca-c45c-464d-b995-40556576802f,726dba47-56b9-4d33-bcf2-45fbe5bb5609_67669,slovenian,sl,Latin,gpt-4o,0.8,"Sinoči sem sanjal o potovanju v neznano deželo, kjer so bila drevesa obarvana v nenavadne barve in živali so govorile človeški jezik. Srečeval sem prijazne prebivalce, ki so mi razkazovali svoje čudovito kraljestvo. Na koncu sem našel skriti zaklad, vendar me je tik pred odprtjem prebudila budilka.",success,2025-06-25T15:46:07.160853,20250625_154026,44,242db99d,marker_2_middle,0.0
e0d640ae-d869-4b07-a64a-65461ea4298c,5b16ebca-c45c-464d-b995-40556576802f,d1a4845e-5a10-42d4-b4dd-f14594e46549_70252,slovenian,sl,Latin,gpt-4o,0.8,"zelenem gozdu, kjer so se drevesa nežno pozibavala v vetru. Med njimi so skakljale srne in ptice so prepevale najlepše melodije. Na jasi sredi gozda sem zagledal staro klop, na kateri je sedela modra sova, ki mi je z modrostjo v očeh pripovedovala zgodbe o skritih zakladih narave. Ta sanjski kraj me je napolnil z mirom in radostjo, ki sem ju čutil še dolgo po tem, ko sem se zbudil.",success,2025-06-25T15:46:14.261695,20250625_154026,45,7a860dc8,none,0.0
164892ca-c8dc-4970-a5e9-85504313a19e,5b16ebca-c45c-464d-b995-40556576802f,18adc3d3-384f-49b1-9fbd-1f2e31a74e31_91792,slovenian,sl,Latin,gpt-4o,0.8,"tem, kako sem potoval po čarobnem gozdu, polnem nenavadnih bitij in svetlečih rastlin. Na koncu poti sem našel skrivnostno knjigo, ki je vsebovala odgovore na vsa moja vprašanja. Ko sem jo odprl, sem začutil val modrosti in miru, ki me je prebudil z nasmehom na obrazu.",success,2025-06-25T15:46:19.633570,20250625_154026,46,8455803b,marker_0_suffix,0.0
6c4ef709-2ffc-4d95-8f31-277c5fe46dfd,5b16ebca-c45c-464d-b995-40556576802f,04c63c0e-817d-4360-a7e7-5c29a2f62e62_54986,slovenian,sl,Latin,gpt-4o,0.8,"Sinoči sem sanjal o čudovitem vrtu, polnem pisanih cvetlic in dreves, ki so segale do neba. V zraku je bila prijetna melodija ptičjega petja, sončni žarki pa so nežno božali mojo kožo. Po vrtu so se sprehajali ljudje, ki so se smehljali in me prijazno pozdravljali. Medtem ko sem raziskoval ta pravljični kraj, sem naletel na staro leseno klop, kjer sem sedel in užival v miru ter harmoniji, ki me je obdajala. Bilo je tako resnično, da sem se zbudil z občutkom spokojnosti in radosti, kot bi bil del nečesa magičnega.",success,2025-06-25T15:46:30.033276,20250625_154026,47,24c08745,none,0.0
b0999f66-8f4e-4327-b50a-79dfa4a5ffee,5b16ebca-c45c-464d-b995-40556576802f,7c217424-7b6f-4d37-976c-661230ec46d0_87956,slovenian,sl,Latin,gpt-4o,0.8,"Sinoči sem sanjal o čudovitem potovanju v oddaljeno deželo, kjer so bile gore prekrite s snegom in jezera bleščeče modra. Sprehodil sem se po ozkih kamnitih ulicah starega mestnega jedra, spoznal prijazne domačine ter okusil njihovo tradicionalno hrano, ki je bila polna eksotičnih začimb in okusov. Na poti sem srečal tudi nenavadne živali, ki so bile videti kot mešanica znanih bitij, a z elementi, ki so jih naredili povsem edinstvene. Sanje so bile tako žive in resnične, da sem se zbudil z nasmeškom na obrazu in občutkom, da sem pravkar doživel nekaj posebnega.",success,2025-06-25T15:46:38.492554,20250625_154026,48,fccd91b4,none,0.0
716058c5-8fea-4697-a9fb-dfbed402972e,5b16ebca-c45c-464d-b995-40556576802f,32137731-1ed6-4c97-89c3-948535ec8f8a_59165,slovenian,sl,Latin,gpt-4o,0.8,"...čudovitem vrtu, polnem pisanih cvetlic in dišečih zelišč. Med drevesi je tekel majhen potok, ob katerem so se igrali barviti metulji. V središču vrta je bila stara klop, na kateri sem sedel in opazoval sončni zahod, ki je nebo obarval v tople odtenke oranžne in rožnate. Bilo je mirno in sproščujoče, kot da bi bil ta vrt skrit kotiček sveta, kjer čas ne obstaja.",success,2025-06-25T15:46:44.222095,20250625_154026,49,7f965463,none,0.0
6704834d-c8ee-4dfa-a010-ed694a9dd2b8,5b16ebca-c45c-464d-b995-40556576802f,a8966e63-439a-4f0f-a536-a89d78e07044_83604,slovenian,sl,Latin,gpt-4o,0.8,"...čudovitem vrtu, polnem pisanih cvetlic in dišečih zelišč. V zraku je bila prisotna prijetna toplina sončnih žarkov, ki so nežno osvetljevali vse okoli mene. Sredi vrta je bil majhen ribnik s kristalno čisto vodo, v katerem so plavale barvite ribe. Okoli ribnika so letali pisani metulji, ki so se igrivo dvigovali v zrak in se spuščali nazaj na cvetove. V daljavi sem slišal melodijo vetra, ki je nežno šepetal skozi listje dreves. V tem sanjskem svetu sem se počutil popolnoma mirno in srečno, kot da čas ne obstaja.",success,2025-06-25T15:46:52.517418,20250625_154026,50,cb6df2b1,none,0.0
7443d4d8-ce53-48f9-95e3-397497b59094,c438aff7-ba9a-4518-b5b8-f98c044cb698,d96faf48-ee1f-4121-8d94-59d85f1f9cee_54541,slovenian,sl,Latin,gpt-4o,0.8,"Sinoči sem sanjal o tem, kako sem se sprehajal po čudovitem gozdu, kjer so se svetlobni žarki nežno prepletali skozi krošnje dreves. V ozadju je tiho šumel potok, ptičje petje pa je ustvarjalo prav posebno melodijo. Občutek svobode in miru me je popolnoma prevzel, kot da bi se vse skrbi razblinile v tem magičnem trenutku.",success,2025-06-25T15:46:55.585111,20250625_154026,1,a245795d,marker_4_middle,0.0
a78da507-a1e6-431f-adfb-a34a8ac67617,c438aff7-ba9a-4518-b5b8-f98c044cb698,8a574865-56c2-4fba-a50a-ce5d20567d97_69494,slovenian,sl,Latin,gpt-4o,0.8,"nepozabni dogodivščini, ki se je odvijala v čarobnem gozdu. Drevesa so bila okrašena z bleščečimi lučmi, ki so se nežno zibale v vetru, in potke so bile obložene z mehkimi mahovi. Medtem ko sem hodil po tej pravljični pokrajini, sem srečeval nenavadna bitja, ki so bila prijazna in polna modrosti. Sprehajal sem se ob boku s tem mističnim svetom, odkrival skrivnosti in odkrival nove vidike samega sebe. Ko sem se prebudil, so mi ostali le bežni spomini tega mirnega kraja, vendar je občutek radosti in miru ostal z menoj ves dan.",success,2025-06-25T15:47:04.283324,20250625_154026,2,f9148968,marker_1_middle,0.0
3ea796c5-f6b7-43df-8826-cdeef353d5be,c438aff7-ba9a-4518-b5b8-f98c044cb698,98917b83-7542-4428-9ce8-2a441ef678ae_58217,slovenian,sl,Latin,gpt-4o,0.8,"pravljični deželi, kjer so bile mavrične gore in reke iz čistega kristala. Sprehodil sem se po cvetočih travnikih, kjer so se igrali metulji vseh barv. V tej čarobni deželi so živale govorile in zvezde so sijale bolj svetlo kot kdajkoli prej. Povsod je bilo čutiti mir in srečo, kot da čas sploh ne obstaja. Ko sem se zbudil, sem si zaželel, da bi se lahko tja vrnil.",success,2025-06-25T15:47:11.472646,20250625_154026,3,b6e58ae5,marker_2_prefix,0.0
323d4783-f1f3-4f18-bfb7-e2dd0d883c84,c438aff7-ba9a-4518-b5b8-f98c044cb698,82156b23-1472-4a2f-84f3-e6bd1c8759a2_48916,slovenian,sl,Latin,gpt-4o,0.8,"zelenem travniku, kjer sem se sprehajal bos. Sonce je nežno sijalo na modro nebo, okoli mene pa so cveteli pisani cvetovi. Na obzorju sem opazil čudovito mavrico, ki se je razprostirala čez celotno dolino. Med hojo sem slišal ptičje petje in rahlo šelestenje listov v vetru. Občutek miru in sreče me je popolnoma prevzel in zbudil sem se z nasmeškom na obrazu.",success,2025-06-25T15:47:17.885645,20250625_154026,4,069ef766,none,0.0
21425cc1-d557-4a41-a449-df6f9bcacafa,c438aff7-ba9a-4518-b5b8-f98c044cb698,598ff029-4301-4f72-b3af-610a91711ca1_19845,slovenian,sl,Latin,gpt-4o,0.8,"žarečem sončnem zahodu ob obali, kjer so valovi nežno pljuskali ob peščeno plažo. V zraku je bila čutiti svež morski vonj, na obzorju pa se je počasi spuščal večer. Ob meni so bili prijatelji, vsi nasmejani in sproščeni, ter smo skupaj uživali v lepoti trenutka. Pogovarjali smo se in smejali, svet pa se je zdel popoln in brezskrben.",success,2025-06-25T15:47:23.260551,20250625_154026,5,76134266,none,0.0
bccc2ee8-e8f7-46bd-9817-fc28ec07c99d,c438aff7-ba9a-4518-b5b8-f98c044cb698,29834dc2-1d95-4d30-943e-8ee7924d40bf_49763,slovenian,sl,Latin,gpt-4o,0.8,"Sinoči sem sanjal o čudovitem vrtu, polnem pisanih cvetlic in visokih dreves, katerih veje so se nežno pozibavale v vetru. Sredi vrta je bila majhna lesena klop, na kateri sem sedel in opazoval živahne metulje, ki so plesali okoli mene. V daljavi sem slišal tiho šumenje potočka, ki je tekel med kamni, in vse je bilo prežeto z občutkom miru in sreče. Sanje so bile tako žive, da sem se zbudil z občutkom, kot da sem pravkar preživel čudovit dan na tem čarobnem kraju.",success,2025-06-25T15:47:40.200479,20250625_154026,6,9c10970d,marker_1_middle,0.0
d3f7bf8c-4a13-4522-a712-e314354bfbf3,c438aff7-ba9a-4518-b5b8-f98c044cb698,02d572aa-c39b-41a3-a0ff-77632184a25f_71350,slovenian,sl,Latin,gpt-4o,0.8,"Sinoči sem sanjal o čudoviti pokrajini, polni pisanih cvetlic in nežnega vetra, ki je pihal skozi zelene doline. V daljavi se je svetlikalo jezero, ob katerem so peli ptiči, in vse je bilo obdano s spokojnostjo in mirom. Po poti skozi to čarobno deželo sem srečal ljudi, ki so bili prijazni in nasmejani, ter se pogovarjal z njimi o čarobnih zgodbah in modrostih, ki so jih prinesli s seboj. Bilo je kot potovanje v skrivnosten svet, kjer so se sanje in resničnost prepletale v popolni harmoniji.",success,2025-06-25T15:47:47.574853,20250625_154026,7,2a4a2554,none,0.0
bfa45d27-ddd6-4ff8-86d1-80c5b4c10187,c438aff7-ba9a-4518-b5b8-f98c044cb698,0642c040-c39a-4a3c-989d-7a39870567ab_92941,slovenian,sl,Latin,gpt-4o,0.8,"Sinoči sem sanjal o čarobnem gozdu, kjer so drevesa sijala v različnih barvah in ptice so pele melodije, ki so bile čarobne in pomirjujoče. Po gozdni poti sem srečal nenavadna bitja, ki so me z radovednostjo pozdravljala in me povabila na čajanko pod največjim drevesom. Občutek je bil tako resničen in prijeten, kot da sem zares tam. Zbudil sem se z občutkom spokojnosti in navdiha, kot da sem odkril skrivni kotiček sveta, ki ga lahko obiščem kadar koli zaprem oči.",success,2025-06-25T15:47:56.409726,20250625_154026,8,ed46ba32,none,0.0
7edaa2d0-a11b-4897-8de6-b7855c93cdaa,c438aff7-ba9a-4518-b5b8-f98c044cb698,9f7e4805-1c32-43c0-a4f3-8b475b9f1d59_29244,slovenian,sl,Latin,gpt-4o,0.8,"Sinoči sem sanjal o čudovitem vrtu, polnem pisanih cvetlic in dreves, ki so se nežno pozibavala v vetru. V zraku je bil sladek vonj po cvetju, ptice so pele svoje melodije, in vse je bilo obsijano z mehko svetlobo jutranjega sonca. V tem vrtu sem se počutil popolnoma mirnega in srečnega, kot da so vse skrbi izginile. Medtem ko sem hodil po poti, sem naletel na majhen ribnik z ribami, ki so plavale mirno. Bilo je res čarobno doživetje, ki me je napolnilo z občutkom hvaležnosti in notranjega miru.",success,2025-06-25T15:48:05.056367,20250625_154026,9,f343dd05,none,0.0
494e174d-922c-4a81-b415-67afa83b1814,c438aff7-ba9a-4518-b5b8-f98c044cb698,55d4e432-ac79-4be3-9048-0d59f6d0cbd5_59097,slovenian,sl,Latin,gpt-4o,0.8,"zelenem travniku, na katerem so cveteli čudoviti rožnati cvetovi. Nebo je bilo brez oblačka, sonce pa je prijetno grelo na obraz. V daljavi je pela ptica in vse je bilo mirno in sproščujoče. Bilo je kot popoln poletni dan, kjer sem se lahko brezskrbno sprehajal in užival v trenutku.",success,2025-06-25T15:48:10.825903,20250625_154026,10,d349a103,none,0.0
dbddf046-055d-492b-af0d-edf04096d942,c438aff7-ba9a-4518-b5b8-f98c044cb698,d6308ed9-d26a-47dd-87c4-e60c4778eafb_61947,slovenian,sl,Latin,gpt-4o,0.8,"Sinoči sem sanjal o tem, kako sem na čudovitem tropskem otoku, obdanem z belim peskom in kristalno čisto vodo. Palme so rahlo šumele v vetru, sonce pa je počasi zahajalo na obzorju, barvajoč nebo v odtenke roza in oranžne. V sanjah sem se sprehajal po plaži, opazujoč školjke in majhne rakce, ki so se skrivali v pesku. Na obzorju sem videl jadralce, ki so elegantno rezali valove, in skupino delfinov, ki so poskakovali v vodi, kot da bi se igrali. Bilo je tako resnično, da sem skoraj lahko čutil vonj morja in toplino sončnih žarkov na koži. Ko sem se zbudil, sem bil poln občutka miru in sreče, kot da sem bil zares tam.",success,2025-06-25T15:48:22.415687,20250625_154026,11,2f77d9d7,none,0.0
528bdd9c-d810-42b8-9658-c26342faff48,c438aff7-ba9a-4518-b5b8-f98c044cb698,2a14e1a2-fa6c-41f7-9adc-cffcf369091b_23195,slovenian,sl,Latin,gpt-4o,0.8,"Sinoči sem sanjal o tem, kako smo se s prijatelji odpravili na nepozabno avanturo v neznano deželo. V sanjah smo raziskovali čudovite pokrajine, se povzpeli na visoke gore in se spuščali po brzicah reke. Na poti smo srečali nenavadne živali in prijazne prebivalce, ki so nam pokazali skrite kotičke svojega sveta. Vsak trenutek je bil poln smeha in presenečenj, in ko sem se zbudil, sem si želel, da bi lahko ostal še malo dlje v tem sanjskem svetu.",success,2025-06-25T15:48:28.788633,20250625_154026,12,7e372b67,none,0.0
4d811ac3-117f-4193-bd4f-a28a440b0efe,c438aff7-ba9a-4518-b5b8-f98c044cb698,ca93fe21-4f68-48d5-a6cc-e1e80f10c2d4_92036,slovenian,sl,Latin,gpt-4o,0.8,"Sinoči sem sanjal o tem, kako sem se sprehajal po očarljivem pravljičnem gozdu, kjer so drevesa sijala v različnih barvah, ptice pa so pele melodije, ki so bile hkrati tuje in znane. Medtem ko sem raziskoval ta čudežni kraj, sem naletel na skrivnostno jezero, v katerem se je bleščala mesečina. Ob robu vode je stala stara lesena klop, na kateri je sedel modrec, ki mi je začel pripovedovati zgodbe o daljnih deželah in izgubljenih časih. Vsa ta doživetja so bila tako živa in resnična, da sem se ob prebujanju še vedno počutil, kot da sem bil del nečesa čarobnega.",success,2025-06-25T15:48:37.733850,20250625_154026,13,f1dc83eb,none,0.0
ca676cf0-6f26-4c1c-bdb9-f2880323ba21,c438aff7-ba9a-4518-b5b8-f98c044cb698,762d56a9-0bc9-4d04-b12e-dbbaaaf2cc93_81872,slovenian,sl,Latin,gpt-4o,0.8,"Sinoči sem sanjal o tem, kako sem se sprehajal po čudovitem gozdu, polnem visokih dreves in pisanih cvetlic. Sončni žarki so se prebijali skozi krošnje in ustvarjali čarobne vzorce svetlobe na tleh. Tam sem srečal starega prijatelja, s katerim sva se že dolgo nisva videla, in skupaj sva se odpravila na raziskovanje skrivnostnih poti, ki so vodile do prekrasnega jezera. Vse je bilo tako mirno in spokojno, da se nisem želel zbuditi.",success,2025-06-25T15:48:44.985696,20250625_154026,14,eb830f9c,none,0.0
dd070014-5d63-40e6-8414-d54fed555b76,c438aff7-ba9a-4518-b5b8-f98c044cb698,70fe37b6-4347-42ab-a5de-e10a445d3622_12268,slovenian,sl,Latin,gpt-4o,0.8,"Sinoči sem sanjal o tem, kako sem se sprehajal po čudovitem gozdu, polnem živih barv in čarobnega vzdušja. Drevesa so bila visoka in mogočna, med njimi pa so leteli pisani metulji. Na tla je padala mehka svetloba, ki je s svojimi zlatimi žarki ustvarjala mistično atmosfero. Ob poti sem srečal prijazne živali, ki so me spremljale na moji poti, in skupaj smo odkrivali skrivnosti tega sanjskega sveta. Na koncu poti sem prišel do mirnega jezera, kjer se je vse zdelo popolnoma mirno in spokojno. Bilo je sanjsko doživetje, ki ga ne bom pozabil.",success,2025-06-25T15:48:52.055558,20250625_154026,15,c318952d,none,0.0
f8fabdca-39d0-4cbe-9b58-e62d5cc77150,c438aff7-ba9a-4518-b5b8-f98c044cb698,47994561-a199-4ff7-be7a-f73cb08981b8_40139,slovenian,sl,Latin,gpt-4o,0.8,"Sinoči sem sanjal o tem, kako sem se sprehajal po skrivnostnem gozdu, kjer so drevesa šepetala stare zgodbe in svetlikajoče se luči so plesale med vejami. V tistem svetu je bilo vse mogoče, in ko sem hodil globlje, sem naletel na starodavno knjižnico s knjigami, ki so imele liste iz čiste svetlobe. Tam sem prebiral zgodbe, ki so razkrivale skrite resnice sveta, in vsaka stran me je vlekla vse globlje v sanje, kjer se je čas zdel le iluzija, in vse skrivnosti so bile na dosegu roke.",success,2025-06-25T15:48:59.095763,20250625_154026,16,cd22ce14,none,0.0
7d823e28-4808-41e3-bd66-80466662e6ed,c438aff7-ba9a-4518-b5b8-f98c044cb698,b9070861-3482-4e55-8c17-887125ec9e74_12850,slovenian,sl,Latin,gpt-4o,0.8,"Sinoči sem sanjal o čarobnem gozdu, polnem svetlečih se zvezd, ki so nežno padale z neba. Med drevesi je tekla kristalno čista reka, ob kateri so se zbirali različni pravljični liki, od vil do modrih škratov. Skupaj smo razpravljali o skrivnostih vesolja in se smejali ob petju čudovitih melodij, ki so odmevale po gozdu. Bilo je tako resnično, da sem se prebudil z občutkom miru in navdiha.",success,2025-06-25T15:49:05.434413,20250625_154026,17,b10f4081,none,0.0
c1c54c24-5952-4631-9da1-697671809454,c438aff7-ba9a-4518-b5b8-f98c044cb698,6a32bef3-f21a-4ae8-95b5-91ea9ad19c45_30770,slovenian,sl,Latin,gpt-4o,0.8,"Sinoči sem sanjal o tem, da sem se sprehajal po čudovitem gozdu, polnem pisanih cvetlic in veličastnih dreves. Sončni žarki so se prebijali skozi krošnje in ustvarjali čarobne vzorce svetlobe na gozdnih tleh. V ozadju sem slišal ptičje petje, ki je ustvarjalo prijetno melodijo. Medtem ko sem hodil, sem srečal stare prijatelje, s katerimi smo se smejali in uživali v lepoti trenutka. Čutil sem mir in srečo, kot da so vse skrbi izginile.",success,2025-06-25T15:49:12.448299,20250625_154026,18,58f93386,marker_1_suffix,0.0
cf7f1f74-e61b-43c2-8940-7636a069b615,c438aff7-ba9a-4518-b5b8-f98c044cb698,db070182-0705-4a15-8fb6-b5e7303a8229_73795,slovenian,sl,Latin,gpt-4o,0.8,"Sinoči sem sanjal o čudovitem potovanju v neznano deželo, kjer so bile pokrajine tako osupljive in barvite, da so se zdele kot iz pravljice. Sprehodil sem se po cvetočih poljanah, srečal prijazne ljudi in raziskoval skrivnostne gradove. V sanjah sem občutil svobodo in radost, kot da bi lahko letel in uresničil vse svoje sanje brez omejitev. Zbudil sem se z nasmeškom in občutkom, da je mogoče prav vse, kar si zamislim.",success,2025-06-25T15:49:18.156853,20250625_154026,19,1921ae23,none,0.0
0bf5a4dd-376c-4f29-8b62-f652d15a43ec,c438aff7-ba9a-4518-b5b8-f98c044cb698,7b14d709-5b74-44f3-9765-d8a87b1361d1_23108,slovenian,sl,Latin,gpt-4o,0.8,"čudovitem travniku, polnem pisanega cvetja in nežnega sončnega zahoda, ki je počasi objemal pokrajino. Na travniku so se igrali otroci, njihovi smeh in veselje pa sta me napolnjevala s toplino. Nekje v ozadju je melodija vetra nežno šepetala skrivnosti narave. Bil je to svet, kjer je čas obstal in kjer so bile vse skrbi in težave pozabljene. Ko sem se prebudil, sem si želel, da bi lahko tja znova odpotoval in začutil tisti mir in srečo, ki ju je ta sanjski svet ponujal.",success,2025-06-25T15:49:25.227370,20250625_154026,20,fdaed2a2,none,0.0
8a31f974-76a9-44e2-8a08-9b2bfed93ae0,c438aff7-ba9a-4518-b5b8-f98c044cb698,ee39da58-b8b8-4c96-96cc-458e5d3e4cbe_77399,slovenian,sl,Latin,gpt-4o,0.8,"žarečem sončnem zahodu ob morju. Nebo je bilo obarvano z odtenki oranžne, rožnate in vijolične, valovi pa so nežno pljuskali ob obalo. Veter je prijetno pihljal in v zraku je bil vonj po soli in morskih algah. V sanjah sem se sprehajal po peščeni plaži in opazoval, kako se sonce počasi spušča za obzorje, ustvarjajoč čudovito igro svetlobe na vodni gladini. Občutek miru in spokojnosti me je napolnil, kot bi čas za trenutek obstal.",success,2025-06-25T15:49:32.332993,20250625_154026,21,ac213247,none,0.0
60ee79bc-bbcb-4454-a3bd-f1baef84fa5a,c438aff7-ba9a-4518-b5b8-f98c044cb698,92c9be74-6d5f-4c2b-93b0-ff768059e706_97625,slovenian,sl,Latin,gpt-4o,0.8,"Sinoči sem sanjal o tem, kako sem se sprehajal po prelepem zelenem gozdu, kjer so se sončni žarki nežno prebijali skozi krošnje dreves. Zvok ptičjega petja je ustvarjal prijetno melodijo, medtem ko sem občudoval čudovito naravo okoli sebe. Na koncu poti sem naletel na čarobno jezero, ki je bleščalo v vseh odtenkih modre. Občutek miru in zadovoljstva me je popolnoma prevzel, in ko sem se prebudil, sem si želel, da bi lahko sanjal naprej.",success,2025-06-25T15:49:40.807806,20250625_154026,22,c553c5ce,none,0.0
8d1f77b9-8f9a-414b-ad52-d69b547e08fd,c438aff7-ba9a-4518-b5b8-f98c044cb698,4ac231e1-949d-47e5-8695-66e9f97a8ce0_61647,slovenian,sl,Latin,gpt-4o,0.8,"Sinoči sem sanjal o čarobnem gozdu, polnem svetlečih zvezdic, ki so se nežno spuščale z neba in plesale med drevesi. Medtem ko sem hodil po mehki mahovi poti, sem srečal prijazne živali, ki so mi pokazale skrite kotičke tega očarljivega kraja. V daljavi sem zaslišal melodijo, ki me je vabila naprej, in ko sem sledil zvoku, sem prišel do kristalnega jezera, kjer so se zvezde zrcalile na gladini vode. Bil je to svet miru in čarovnije, ki me je napolnil s čudovitim občutkom spokojnosti.",success,2025-06-25T15:49:47.802762,20250625_154026,23,045fb406,none,0.0
5d4efd55-9bfc-4e1d-b499-dcbb93aa2123,c438aff7-ba9a-4518-b5b8-f98c044cb698,882963f5-ed62-440d-b821-f11767818231_73706,slovenian,sl,Latin,gpt-4o,0.8,"Sinoči sem sanjal o čudovitem gozdu, polnem visokih dreves in pisanih rož. V sanjah sem se sprehajal po mehki poti, medtem ko je sončna svetloba nežno sijala skozi liste. Občutek miru in sreče me je popolnoma prevzel. V daljavi sem zaslišal ptičje petje in videl majhen potoček, ki je žuborel mimo. Ko sem se približal vodi, sem opazil, da so v njej plavale pisane ribe. Celotna izkušnja je bila tako živa in resnična, da sem se zbudil z občutkom spokojnosti in povezanosti z naravo.",success,2025-06-25T15:49:54.379118,20250625_154026,24,8c21084d,marker_0_prefix,0.0
4a9316ec-b2ed-4a94-acc5-4d8513d47230,c438aff7-ba9a-4518-b5b8-f98c044cb698,b168916f-7397-44a3-a50c-35346d63cbb2_95325,slovenian,sl,Latin,gpt-4o,0.8,"svojem otroštvu, ko sem se brezskrbno igral na travniku za hišo. Nebo je bilo modro, sonce je grelo mojo kožo, veter pa je nežno pihal skozi drevesa. V sanjah sem se srečal s starimi prijatelji, ki jih že dolgo nisem videl, in skupaj smo tekali, se smejali in se veselili preprostih trenutkov. Bilo je čarobno in polno topline, kot da bi se čas ustavil in me odpeljal nazaj v dneve, ko je bilo vse preprosto in lepo.",success,2025-06-25T15:50:00.513709,20250625_154026,25,3a7763f0,marker_0_middle,0.0
98bb661a-7fde-49c8-ba31-1bdbed17bb71,c438aff7-ba9a-4518-b5b8-f98c044cb698,b8fdae0a-e8b6-47ae-b0c5-49e67fad6c7e_77596,slovenian,sl,Latin,gpt-4o,0.8,"Sinoči sem sanjal o tem, kako sem se sprehajal po čarobnem gozdu, kjer so drevesa sijala v različnih barvah, ptice pa so pele čudovite melodije. Na koncu poti sem naletel na skrivnostno jezero, katerega gladina je bila tako mirna in jasna, da sem v njej lahko videl odsev zvezd, ki so sijale na nebu. Ob jezeru je stal star modrec, ki mi je z nasmehom na obrazu povedal, da v sebi nosim odgovore na vsa svoja vprašanja. Prebudil sem se s prijetnim občutkom miru in navdiha, pripravljen sprejeti nov dan.",success,2025-06-25T15:50:08.351914,20250625_154026,26,67f318c5,none,0.0
a15008f3-1d89-45c3-aad4-56469c0375d7,c438aff7-ba9a-4518-b5b8-f98c044cb698,174af165-6450-49b0-bee6-9fe36f7aa9ef_31459,slovenian,sl,Latin,gpt-4o,0.8,"Sinoči sem sanjal o tem, da sem se sprehajal po čudovitem, cvetočem vrtu, polnem barvitih rož in eksotičnih rastlin. V zraku je bil prijeten vonj cvetlic, ptice so žvrgolele, sonce pa je nežno sijalo. Med sprehodom sem srečal nekaj starih prijateljev, s katerimi smo skupaj preživeli čudovit dan ob smehu in pogovorih. Ko smo prišli do majhnega ribnika, smo opazovali ribe, ki so igrivo plavale med vodnimi rastlinami. Bilo je zelo pomirjujoče in navdihujoče, kot bi bil v nekem čarobnem svetu brez skrbi.",success,2025-06-25T15:50:15.383031,20250625_154026,27,997a7782,none,0.0
c2014e6d-cc2c-4e48-9f4e-1d39ac606fae,c438aff7-ba9a-4518-b5b8-f98c044cb698,b1917404-b7e6-4dc7-8cfd-c1c8c8b27635_48624,slovenian,sl,Latin,gpt-4o,0.8,"velikem čarobnem gozdu, kjer so drevesa sijala v nežnih odtenkih modre in zelene. Po poteh so se sprehajale čudne, a prijazne živali, ki so imele svetleče oči in mehkodlake repe. Srečal sem starega modreca, ki mi je dal nasvet, da naj vedno sledim svojemu srcu in naj se ne bojim neznanega. Prebudil sem se z občutkom miru in navdiha, pripravljen, da se soočim z dnevom pred menoj.",success,2025-06-25T15:50:22.507574,20250625_154026,28,6994cdf9,none,0.0
18dd7e88-cfef-4e95-94f0-272554f357e6,c438aff7-ba9a-4518-b5b8-f98c044cb698,35b9fe3e-e0e9-4170-af4b-2c0168af5d5b_86172,slovenian,sl,Latin,gpt-4o,0.8,"Sinoči sem sanjal o čudovitem vrtu, polnem pisanih rož in sladkega vonja, ki se je širil po zraku. Sprehajal sem se med bujnim zelenjem in občudoval raznobarvne metulje, ki so lahkotno poplesavali okoli mene. V vrtu je bila tudi majhna fontana, iz katere je žuborela kristalno čista voda, ustvarjajoč prijetno melodijo. Bila je sanjska pokrajina, ki mi je prinesla občutek miru in sreče.",success,2025-06-25T15:50:28.337793,20250625_154026,29,ce6d0712,none,0.0
838b800f-5b84-4e97-8b74-e5a2238e891a,c438aff7-ba9a-4518-b5b8-f98c044cb698,2a732944-d320-4e64-92bd-e7084c85505a_44418,slovenian,sl,Latin,gpt-4o,0.8,"Sinoči sem sanjal o tem, kako sem se sprehajal po prelepem, neznanem mestu, ki je bilo polno zanimivih ljudi in čudovitih krajin. Vse je bilo tako živo in barvito, občutek svobode in radovednosti pa me je navdajal z veseljem. Na vsakem vogalu sem odkrival nekaj novega – skrivnostne trgovine, majhne kavarne in prijazne obraze, ki so me pozdravljali s toplim nasmehom. Bilo je, kot da sem našel svoje sanjsko zatočišče, kjer so vsi moji skrbi izginile in sem se lahko popolnoma prepustil trenutku.",success,2025-06-25T15:50:35.568556,20250625_154026,30,a4c21835,marker_1_prefix,0.0
cf74f52f-15b8-4637-8d0e-57b56d768d5f,c438aff7-ba9a-4518-b5b8-f98c044cb698,f7443c27-d0b6-4794-8c46-2088bbd5e5cf_71757,slovenian,sl,Latin,gpt-4o,0.8,"Sinoči sem sanjal o tem, kako sem potoval po čudovitih pokrajinah, kjer so se gore zlivale z obzorjem in sonce je sijalo tako svetlo, da je vse okrog mene sijalo v čarobnih barvah. Potoval sem med mesti, kjer so me ljudje prijazno sprejemali in se mi pridružili v raziskovanju skrivnostnih kotičkov, ki jih v resničnem življenju še nisem obiskal. V sanjah sem občutil neverjetno svobodo in radost, medtem ko sem odkrival nove svetove in doživljal nepozabne dogodivščine.",success,2025-06-25T15:50:43.226289,20250625_154026,31,766f5682,marker_3_suffix,0.0
047bbdbe-973e-473d-9a1e-1dcb4dd625bf,c438aff7-ba9a-4518-b5b8-f98c044cb698,10680b33-0ec7-477d-a571-ddd13780c6f6_29649,slovenian,sl,Latin,gpt-4o,0.8,"...tihih valovih, ki so nežno pljuskali ob obalo, medtem ko je sonce počasi zahajalo na obzorju. Na nebu so se prelivale tople barve oranžne, rožnate in zlate, ki so se zrcalile v vodi. Počutil sem se mirno in svobodno, kot da bi vse skrbi izginile z vsakim valom, ki je dosegel pesek. Ob meni so bili moji najdražji, smejali smo se in uživali v trenutku, brez skrbi za jutri. Bilo je, kot da bi bil v popolnem svetu, kjer je bil vsak trenutek poln radosti in harmonije.",success,2025-06-25T15:50:52.204498,20250625_154026,32,2ca7bc93,none,0.0
77ad554f-3a49-4815-a136-d478b6c16921,c438aff7-ba9a-4518-b5b8-f98c044cb698,84950731-6101-4fde-9207-ec72c1ae2615_47748,slovenian,sl,Latin,gpt-4o,0.8,"Sinoči sem sanjal o tem, kako sem se sprehajal po čudovitem, neznanem mestu, polnem zelenih parkov in cvetočih vrtov. Nebo je bilo obsijano z zlatimi odtenki sončnega zahoda, zrak pa je bil poln prijetnega vonja cvetlic. Med sprehodom sem srečeval prijazne in nasmejane ljudi, ki so me pozdravljali, kot da bi me poznali že od nekdaj. Občutek miru in sreče me je spremljal skozi celotno sanje, in ko sem se zbudil, sem si želel, da bi lahko znova obiskal to čarobno mesto.",success,2025-06-25T15:50:58.163820,20250625_154026,33,8505ad85,marker_3_suffix,0.0
82695c8f-ac6a-4dd7-b01b-354418cc4ffa,c438aff7-ba9a-4518-b5b8-f98c044cb698,a8a6c262-ca67-46a2-a853-d6b97d50f58f_56796,slovenian,sl,Latin,gpt-4o,0.8,"Sinoči sem sanjal o potovanju po čudovitih krajih, ki sem jih vedno želel obiskati. V sanjah sem se sprehajal po pisanih ulicah neznanega mesta, kjer so me obdajali prijazni domačini in vonj po sveže pečenem kruhu. Nato sem se znašel na obali kristalno čistega morja, kjer sem občudoval sončni zahod, medtem ko me je nežno božal topel vetrič. Sanje so bile tako žive, da sem se zjutraj zbudil z občutkom sreče in navdiha, kot da sem res doživel to neverjetno pustolovščino.",success,2025-06-25T15:51:06.793823,20250625_154026,34,56441a06,none,0.0
49b8980f-b6ec-4b65-9187-21f64e228135,c438aff7-ba9a-4518-b5b8-f98c044cb698,b3a63c75-ecb1-468f-b676-133fb26b4a39_73347,slovenian,sl,Latin,gpt-4o,0.8,"Sinoči sem sanjal o tem, kako sem se sprehajal po čudovitem in skrivnostnem gozdu. Vse okoli mene je bilo obdano z visokimi drevesi, skozi katera so se prelivali sončni žarki, ki so osvetljevali mehko mahovito pot. Ob potoku sem srečal skupino živali, ki so se igrale v vodi, in imeli smo čudovit trenutek miru in povezanosti z naravo. Na koncu sem našel čarobno jaso, kjer so cvetele rože vseh barv in vonjev, in tam sem se ustavil, da bi v miru užival v lepoti in harmoniji kraja.",success,2025-06-25T15:51:13.783447,20250625_154026,35,2a90ce17,none,0.0
b33fac68-13ba-4a12-af7b-096f9a9dba1c,c438aff7-ba9a-4518-b5b8-f98c044cb698,5faa10c7-8b6b-4791-8284-d5193fe1e866_76250,slovenian,sl,Latin,gpt-4o,0.8,"Sinoči sem sanjal o tem, kako sem se sprehajal po čudovitem, neznanem mestu, polnem živopisnih barv in nenavadnih zgradb. V sanjah sem srečal stare prijatelje, s katerimi sem se že dolgo želel ponovno videti, in skupaj smo raziskovali skrivnostne ulice ter odkrivali skrite kotičke. Občutek svobode in veselja je bil tako resničen, da me je prebudil z nasmehom na obrazu.",success,2025-06-25T15:51:20.037204,20250625_154026,36,62862cc7,none,0.0
c1d596c2-fd04-4f43-a678-e5fe2c36f611,c438aff7-ba9a-4518-b5b8-f98c044cb698,566e7d98-9084-4107-9144-75727ab29bfd_80591,slovenian,sl,Latin,gpt-4o,0.8,"žarečem sončnem zahodu, ki je barval oblake v odtenkih rožnate in oranžne. Stal sem na vrhu hriba in občudoval razgled, medtem ko je lahen vetrič nežno pihljal skozi drevesa. Ob meni so bili prijatelji in družina, vsi nasmejani in srečni. Slišal sem smeh in čutil toplino, ki je prežemala celoten trenutek. Ta sanja me je napolnila z občutkom miru in povezanosti, ki ga bom še dolgo nosil s seboj.",success,2025-06-25T15:51:26.277447,20250625_154026,37,e46ce048,none,0.0
d4926b74-63fd-40a9-a6dd-fc91f1fa5c70,c438aff7-ba9a-4518-b5b8-f98c044cb698,f907c710-be8f-4743-9a0d-b85aa0d2f0b5_19666,slovenian,sl,Latin,gpt-4o,0.8,"Sinoči sem sanjal o prijetnem sprehodu ob morju, kjer sem slišal šum valov in čutil topel veter na obrazu. Nebo je bilo posuto z zvezdami, luna pa je razsvetljevala pot pred mano. Na obali so bile školjke, ki so mehko pokale pod mojimi nogami, in vonj po soli je bil v zraku. Sanje so bile tako žive, da sem se zbudil z občutkom miru in sreče.",success,2025-06-25T15:51:32.674689,20250625_154026,38,0d2f50f4,none,0.0
43fd6218-956f-4742-8259-48845ef53514,c438aff7-ba9a-4518-b5b8-f98c044cb698,51597708-66c4-44f1-89f6-02eaf9c01b0e_52188,slovenian,sl,Latin,gpt-4o,0.8,"Sinoči sem sanjal o tem, kako sem hodil po čudovitem zeleni travniku, obsijanem s sončnimi žarki. Naokoli so cvetele pisane rože, v daljavi pa je bil slišati žuborenje potoka. Ob meni so se igrali otroci, ki so se smejali in tekali naokoli. Na koncu travnika sem zagledal čudovit grad, ki je bil videti kot iz pravljice. Ko sem se mu približal, so se vrata počasi odprla in vabilo v svet domišljije je bilo neustavljivo.",success,2025-06-25T15:51:43.638025,20250625_154026,39,88d9079c,none,0.0
a0648833-9100-44e4-a220-144d461419ee,c438aff7-ba9a-4518-b5b8-f98c044cb698,935f47df-a0be-427a-b696-fb6808d4a2b3_62708,slovenian,sl,Latin,gpt-4o,0.8,"srečanju z dolgo izgubljenim prijateljem. V sanjah sva se znašla na čudovitem, spokojnem kraju, obdanem z naravo. Sedela sva na klopi ob jezeru, kjer je nežno pihljal veter, in se pogovarjala o starih časih ter o tem, kako naju je življenje vodilo po različnih poteh. Bilo je, kot da se čas ustavi, trenutek miru in povezave. Ko sem se zbudil, sem razmišljal o tem, kako pomembno je ohranjati stike z ljudmi, ki so nam blizu, in ceniti trenutke, ki jih preživimo skupaj.",success,2025-06-25T15:51:51.881118,20250625_154026,40,1ab2ad5d,none,0.0
5cdccef0-6bdd-4d9d-83c4-917aaef2990c,c438aff7-ba9a-4518-b5b8-f98c044cb698,0a370f57-1275-4979-984a-7e44d0c8f118_80692,slovenian,sl,Latin,gpt-4o,0.8,"magičnem vrtu, kjer so cvetlice pele melodije iz preteklosti. Nebo je bilo polno zvezd, ki so se lesketale kot diamanti, in ob vsakem koraku sem zaslišal šepetanje vetra, ki mi je pripovedovalo zgodbe o starih časih. Na sredi vrta je stal starodaven vodnjak, v katerem je žuborela kristalno čista voda, in ob njem je sedela modra sova, ki mi je ponujala nasvete za prihodnost. Ko sem se prebudil, sem še vedno občutil mir in radost, ki mi ju je prinesla ta čarobna noč.",success,2025-06-25T15:51:58.705953,20250625_154026,41,1fa3e5f7,none,0.0
5bea9c5e-3765-4859-bd61-156f5c483989,c438aff7-ba9a-4518-b5b8-f98c044cb698,2eced7d0-25b9-4a39-9fac-f361de3a1213_28439,slovenian,sl,Latin,gpt-4o,0.8,"Sinoči sem sanjal o tem, da sem se sprehajal po čarobnem gozdu, kjer so drevesa sijala v različnih barvah in so se poti spreminjale vsakokrat, ko sem stopil naprej. V tem gozdu so živeli nenavadni, a prijazni prebivalci, ki so me vodili skozi skrivnosti narave in mi pokazali skrite kotičke, ki so obstajali samo v mojih sanjah. Občutek svobode in radovednosti je bil tako močan, da mi je še vedno ostal v spominu, ko sem se zjutraj zbudil.",success,2025-06-25T15:52:06.916469,20250625_154026,42,20164d3e,marker_1_middle,0.0
84c4393d-791f-4059-acfa-12959224cb3e,c438aff7-ba9a-4518-b5b8-f98c044cb698,ef805ac8-e140-4982-9f08-4ae3729dec53_81172,slovenian,sl,Latin,gpt-4o,0.8,"pravljičnem mestu, kjer so se ulice lesketale v mesečini, zrak pa je bil prežet s sladkim vonjem cvetlic. V tem sanjskem svetu so ljudje in živali govorili isti jezik, drevesa so pela melodije vetra, in vse skrbi vsakdana so izginile kot megla ob sončnem vzhodu. Medtem ko sem se sprehajal po skrivnostnih poteh tega mesta, sem naletel na modrega starca, ki mi je razkril, da so sanje le vrata v neskončne možnosti naše domišljije.",success,2025-06-25T15:52:13.485372,20250625_154026,43,143a15a9,none,0.0
b4847553-4dde-4fb4-af92-6ef6d2125bf6,c438aff7-ba9a-4518-b5b8-f98c044cb698,2c918327-a2f2-48a3-a0ef-67d41582af08_93596,slovenian,sl,Latin,gpt-4o,0.8,"...prelepi pokrajini, polni zelenih travnikov in cvetočih dreves. V sanjah sem se sprehajal po vijugastih poteh, ki so vodile do skrivnostnega gozda. Tam sem naletel na čarobno jezero, katerega voda je sijala v odtenkih modre in zelene. Na obali sem srečal modrega ptiča, ki mi je prinesel sporočilo o sreči in miru. Ko sem se zbudil, sem se počutil sveže in navdihnjeno, kot da bi resnično obiskal ta pravljični svet.",success,2025-06-25T15:52:21.604744,20250625_154026,44,19b578ef,none,0.0
33759cbf-39e9-4875-bd68-64bc8bc77b36,c438aff7-ba9a-4518-b5b8-f98c044cb698,4f0e2064-1886-4c39-b0ee-877191977353_35458,slovenian,sl,Latin,gpt-4o,0.8,"Sinoči sem sanjal o čudovitem vrtu, polnem pisanih cvetlic in zelenih rastlin. V zraku je bila prijetna aroma svežega cvetja, sončni žarki pa so nežno božali vse okoli mene. Med drevesi so skakljale majhne živali, in vse je bilo tako mirno in harmonično. Bil sem popolnoma sproščen in preplavljen z občutkom sreče.",success,2025-06-25T15:52:27.151167,20250625_154026,45,94ce874f,none,0.0
4fcfe0d7-d0a2-4a96-a58f-c713f0ad4d39,c438aff7-ba9a-4518-b5b8-f98c044cb698,73c91092-8681-4502-aaf2-fdb5cadd4c08_48344,slovenian,sl,Latin,gpt-4o,0.8,"Sinoči sem sanjal o tem, kako sem potoval v daljno deželo, polno čudovitih pokrajin in nenavadnih bitij. V sanjah sem se sprehajal po cvetočih poljih in raziskoval skrivnostne gozdove, kjer so drevesa šepetala zgodbe preteklosti. Na poti sem srečal prijazne domačine, ki so me povabili v svoje vasi, kjer smo skupaj praznovali ob tradicionalni glasbi in okusnih jedeh. Bilo je, kot da sem odkril skriti raj, kjer so vse moje skrbi izginile in kjer sem se počutil popolnoma svobodno in srečno. Ko sem se zbudil, sem si želel, da bi lahko še naprej sanjal in raziskoval ta čarobni svet.",success,2025-06-25T15:52:35.204967,20250625_154026,46,1bc5f132,none,0.0
a8af3a99-6397-4ea9-bd55-fc83cad1963a,c438aff7-ba9a-4518-b5b8-f98c044cb698,236aed7b-fe78-46f8-88b5-11219f4c9985_49165,slovenian,sl,Latin,gpt-4o,0.8,"Sinoči sem sanjal o tem, kako sem potoval po eksotičnih krajih, polnih živahnih barv in zanimivih kultur. V sanjah sem obiskal tropske plaže, se sprehajal po starodavnih mestih in okušal lokalne dobrote. Srečal sem prijazne domačine, ki so mi pripovedovali o svojih tradicijah in običajih. Bilo je čudovito doživetje, ki me je pustilo z občutkom navdiha in željo po raziskovanju sveta.",success,2025-06-25T15:52:41.703932,20250625_154026,47,1225ce4a,none,0.0
1de274f9-29b4-428d-a72b-aa0b993b759e,c438aff7-ba9a-4518-b5b8-f98c044cb698,d6400d8c-460a-482c-b96e-a60d9a7f938e_54066,slovenian,sl,Latin,gpt-4o,0.8,"Sinoči sem sanjal o potovanju v čarobno deželo, kjer so se travniki iskrili v jutranji rosi, nebo pa je bilo posuto z milijoni zvezd tudi sredi dneva. Tam sem srečal bitja, ki so bila prijazna in modra, in skupaj smo raziskovali skrite kotičke te čudovite dežele. Vsak korak je bil kot nova pustolovščina, vsako srečanje pa je prineslo novo spoznanje. Ko sem se zbudil, sem začutil, da me ta sanjski svet še vedno spremlja, in me navdihuje, da iščem lepoto in čarobnost tudi v vsakdanjem življenju.",success,2025-06-25T15:52:49.005635,20250625_154026,48,c6db8996,none,0.0
55621721-2e68-4923-a207-1c5b014de9ed,c438aff7-ba9a-4518-b5b8-f98c044cb698,38c2afbe-14bb-41e2-a6f7-dc87fa21ee92_85996,slovenian,sl,Latin,gpt-4o,0.8,"zelenem gozdu, kjer so se med drevesi svetlikale zvezde in mehko šumela reka. Počutil sem se svobodnega in lahkotnega, kot da bi lahko letel. Ob meni so plesali vilinci, ki so se smejali in me vabili, naj se jim pridružim. Čas je izgubil pomen, in vse skrbi so izginile v noč. Ko sem se prebudil, sem si želel, da bi se lahko vrnil nazaj v ta čarobni svet.",success,2025-06-25T15:52:56.760526,20250625_154026,49,cd8e98c5,marker_4_suffix,0.0
7972e46a-6fb9-4bf1-b9a8-65d765f7cccd,c438aff7-ba9a-4518-b5b8-f98c044cb698,7a6288cf-cbb1-439b-aa11-2894b7b38c9b_48271,slovenian,sl,Latin,gpt-4o,0.8,"gorski koči, kjer sem se znašel sredi idilične snežne pokrajine. Okoli mene so se razprostirali veličastni vrhovi, katerih bele kape so se lesketale v mesečini. V koči je bilo prijetno toplo in ognjišče je oddajalo mehko svetlobo, ki je osvetljevala starinske lesene stene. Slišal sem prasketanje ognja in nežne zvoke narave zunaj. V sanjah sem se počutil popolnoma sproščenega in povezanega z naravo, kot bi bil del te čarobne pokrajine. Razmišljal sem o preprostih radostih življenja in spokojnem občutku, ki ga prinaša trenutek miru.",success,2025-06-25T15:53:07.785073,20250625_154026,50,aedcafc2,marker_3_suffix,0.0
