dream_id,language,narrative_structure,dominant_setting,dominant_setting_count,setting_natural,setting_domestic,setting_urban,setting_mythical,setting_technological,setting_ritualistic,setting_diversity,agency_level,perspective_type,transformation_elements,symbolic_elements,symbolic_count
acc68bf3-ef48-40f8-9875-31675c957c00,english,idyllic_experience,natural,2,2,0,0,0,0,0,1,high_agency,third_person,,,0
a41654de-5ea2-4780-992a-9be3c3fcaccd,english,discovery_exploration,natural,2,2,0,0,0,0,0,1,high_agency,third_person,,light;tree,2
e4c4931b-9e35-498b-8b58-e45cd8ef8dd4,english,journey_quest,natural,3,3,0,0,0,0,0,1,high_agency,first_person,,tree;path,2
8adf5dd9-4982-4b54-b53b-b246aad7ced9,english,journey_quest,natural,1,1,0,0,0,0,0,1,high_agency,third_person,,tree;path,2
dcec60b6-8559-4cfc-8d87-99da5018dca6,english,journey_quest,natural,2,2,0,0,0,0,0,1,high_agency,third_person,,light;water;tree;path,4
71a62c39-b491-4e63-9a43-94ed5e9886c8,english,journey_quest,domestic,1,1,1,0,0,0,0,2,high_agency,first_person,,light;water;path,3
1eaa6d65-fd75-4944-9f0d-1716913e17e5,english,idyllic_experience,natural,2,2,0,0,0,0,0,1,balanced_agency,third_person,,light;water;tree,3
00e52e5d-d8d9-4a98-8a85-ddd2ce70a31f,english,discovery_exploration,natural,2,2,0,0,0,0,0,1,high_agency,third_person,,light;water;tree,3
ac78cc9f-fadc-489a-92b2-43b53c5ef01b,english,journey_quest,natural,2,2,1,0,0,0,0,2,high_agency,third_person,,light;water,2
f3dedf5e-16b8-42f5-bcd4-36f0fb2747ef,english,journey_quest,natural,2,2,0,0,0,0,0,1,high_agency,third_person,,,0
bcb8547e-ca9f-4227-a37e-d9363fecb6e1,english,journey_quest,natural,3,3,0,0,0,0,0,1,high_agency,third_person,,light;tree,2
b4fea84d-7890-43b7-ac36-33e417b07de6,english,journey_quest,natural,2,2,0,0,0,0,0,1,high_agency,first_person,,light;tree,2
61a48e6d-5cad-4348-a239-8c036c8816fe,english,idyllic_experience,natural,2,2,0,0,0,0,0,1,high_agency,third_person,,,0
95cbc132-853f-4c6e-9654-e39f7489ccad,english,journey_quest,natural,2,2,0,0,2,0,0,2,high_agency,first_person,magical_transformation,light;tree;path,3
d238a89f-08ba-4822-a323-b75d7e820520,english,journey_quest,natural,1,1,0,0,0,0,0,1,high_agency,third_person,,water;path,2
98eebcbc-4f80-4b37-9c85-edc99c67b3f8,english,journey_quest,natural,2,2,0,0,0,0,0,1,high_agency,third_person,,light;water;path,3
b3c6790b-289d-444e-842e-f89c535fd43c,english,discovery_exploration,natural,2,2,0,0,0,0,0,1,high_agency,third_person,,light;water;tree,3
eee56772-070f-47f1-a761-fe7c00a59722,english,journey_quest,natural,2,2,0,0,1,0,0,2,high_agency,first_person,,light;tree,2
0a47542d-38e6-4b7b-a7e6-add9dddc84f8,english,other,urban,3,1,0,3,0,0,0,2,high_agency,first_person,,tree,1
ac3cd46b-cf17-4ae2-9401-3cb572986809,english,idyllic_experience,natural,3,3,1,0,1,0,0,3,balanced_agency,third_person,,light;tree,2
db755a24-d9d7-4548-afae-7c4f33e6fee4,english,journey_quest,natural,2,2,0,0,0,0,0,1,high_agency,third_person,,tree;path,2
7f2efe19-6b84-4144-9b08-49800940b992,english,journey_quest,natural,2,2,0,0,0,0,0,1,high_agency,third_person,,water;tree,2
8811d693-555c-4094-9506-0e685f0c0cc9,english,discovery_exploration,natural,2,2,0,0,0,0,0,1,balanced_agency,third_person,,light;water;tree;bridge,4
95af55b4-473e-4d5a-a74a-7834089d2323,english,journey_quest,natural,1,1,0,0,0,0,0,1,high_agency,first_person,,,0
b17896ad-f3ae-4d69-bc44-9e360fff7f04,english,journey_quest,natural,2,2,0,0,0,0,0,1,high_agency,first_person,,light;water;tree,3
6fe33996-4e2f-40be-a95d-37ccc8e362e9,english,journey_quest,natural,2,2,0,0,0,0,0,1,high_agency,third_person,,tree;path,2
ffb511c3-6817-4718-b2a3-77a0d930b746,english,discovery_exploration,natural,2,2,0,0,0,0,0,1,high_agency,first_person,,light;tree,2
fc38eced-00d1-4848-a9c6-07cc0b45885a,english,journey_quest,natural,1,1,0,0,0,0,0,1,high_agency,third_person,,water,1
125b4969-c4c8-4ee6-aa58-6ff9ce085978,english,journey_quest,natural,2,2,0,0,2,0,0,2,high_agency,first_person,magical_transformation,light;tree;path,3
1fa86bb9-2a08-4a60-a208-e40a2bd6d8aa,english,journey_quest,natural,1,1,0,0,0,0,0,1,high_agency,third_person,,,0
4bf28a9d-7dcb-4761-9d6d-193b672a32d4,english,return_reunion,natural,2,2,0,0,1,0,0,2,high_agency,third_person,,light,1
90f7cdb3-2b67-4d82-b0af-6d306fef5c6d,english,journey_quest,domestic,0,0,0,0,0,0,0,0,high_agency,first_person,,light;water,2
4a7ade89-bc46-47b3-89cc-4e846a86cf80,english,journey_quest,natural,2,2,0,0,1,0,0,2,high_agency,first_person,,tree;path,2
f0fdf592-4c43-4bc0-bb08-1dde31762264,english,journey_quest,natural,2,2,0,0,0,0,0,1,high_agency,third_person,,water;tree;path,3
c5e1acd3-e2ee-4861-b468-98d27ac307f1,english,journey_quest,natural,2,2,0,0,0,0,0,1,high_agency,third_person,,light;water;tree;path,4
3692ea73-a910-4f97-b172-ee9346c08011,english,journey_quest,natural,3,3,0,0,1,0,0,2,high_agency,first_person,,light;tree,2
6958fb88-2b24-4740-8202-847ef80fc51d,english,journey_quest,natural,1,1,0,0,0,0,0,1,high_agency,first_person,,light;water,2
5bbb3fb1-053c-4b67-ba86-47b8e84bd56a,english,idyllic_experience,natural,2,2,0,0,0,0,0,1,high_agency,third_person,,light;water,2
7a8c517f-03f1-4080-97fc-b2e54136d353,english,journey_quest,natural,2,2,0,0,1,0,0,2,high_agency,first_person,,light;water;tree,3
574c4cc8-045c-4608-8a1d-8e3cc24b7b81,english,journey_quest,natural,2,2,0,0,1,0,0,2,balanced_agency,first_person,,light;tree;path,3
e2cb3c8b-de60-4215-a487-e4489f1c542b,english,idyllic_experience,natural,3,3,0,0,1,0,0,2,high_agency,third_person,magical_transformation,light;water;tree;bridge,4
e604f16b-18cd-4577-b18d-377073396591,english,journey_quest,natural,2,2,1,0,1,0,0,3,high_agency,first_person,magical_transformation,light;water;tree,3
281d7604-aae0-4d9e-a8d6-6cb80936449b,english,journey_quest,natural,2,2,0,0,0,0,0,1,high_agency,third_person,,tree;path,2
d15700e3-5ce2-465d-bb30-e1d34a7c72ac,english,journey_quest,natural,2,2,0,0,1,0,0,2,high_agency,third_person,magical_transformation,water,1
c2d88fa5-5b52-426a-8951-52f9e2172deb,english,idyllic_experience,natural,1,1,0,0,0,0,0,1,high_agency,third_person,,light;water,2
8f69c49c-87e8-4a32-a358-6ceb3e271c3a,english,journey_quest,natural,2,2,0,0,2,0,0,2,high_agency,first_person,magical_transformation,light;water;tree,3
05f8d92a-0215-4756-a7f7-44f848207e29,english,journey_quest,natural,2,2,0,0,1,0,0,2,high_agency,third_person,magical_transformation,light;water;tree;path,4
1bedbfb3-129c-4d6f-840d-a7bd5db56be7,english,return_reunion,natural,3,3,1,0,0,0,0,2,high_agency,third_person,,tree,1
bb75a415-ea50-4a69-8fc0-728b63e9b35e,english,journey_quest,natural,2,2,0,0,0,0,0,1,high_agency,third_person,,light;water;tree,3
bc563da8-697b-4b2a-aae8-1640b05f6894,english,journey_quest,natural,1,1,0,0,0,0,0,1,high_agency,third_person,,,0
89ffa323-bd15-415e-b139-3faa6e48d5d9,english,journey_quest,natural,2,2,0,0,0,0,0,1,high_agency,third_person,,,0
237d7334-b785-44cc-ba5c-a7c43a1a49c5,english,discovery_exploration,urban,3,1,0,3,1,0,0,3,high_agency,first_person,,water;tree,2
cfa54806-aba3-41e6-9ab0-84b3dd2eb104,english,journey_quest,natural,2,2,0,0,0,0,0,1,high_agency,first_person,,light;tree;path,3
6534a860-3a0a-4dcd-91ee-7c0968e0126b,english,journey_quest,natural,1,1,0,0,0,0,0,1,high_agency,third_person,magical_transformation,,0
acdaced3-606a-4c58-9643-04e368134559,english,journey_quest,natural,1,1,0,0,0,0,0,1,high_agency,third_person,,water,1
7e78ae9e-0f89-43ea-87e7-48a9c6c5a6a8,english,journey_quest,natural,1,1,0,0,0,0,0,1,high_agency,third_person,,water,1
4d944898-bd07-44e8-84d9-5e2386bed04c,english,journey_quest,natural,3,3,0,0,0,0,0,1,balanced_agency,third_person,,light;water;tree;path,4
483672ae-64aa-4383-8985-338422e992e5,english,journey_quest,natural,1,1,0,0,0,0,0,1,high_agency,third_person,,,0
f11a0a6d-ff31-4f38-a257-ae636c1e13a2,english,journey_quest,natural,2,2,0,0,0,0,0,1,high_agency,third_person,,tree;path,2
96dc2cf2-a318-4214-bf8d-800a50d63c03,english,journey_quest,natural,2,2,0,0,0,0,0,1,high_agency,third_person,,water,1
b0d6c3d4-ddf4-4ccb-a67b-e77cbf1d5c66,english,journey_quest,natural,2,2,0,0,0,0,0,1,high_agency,third_person,,light;water,2
ac81736e-b707-452b-9ac7-89abff5c5526,english,idyllic_experience,natural,2,2,0,0,0,0,0,1,balanced_agency,third_person,,light;tree,2
3cb6e8b5-9bec-4652-974b-e831847cd9ce,english,journey_quest,natural,2,2,0,0,1,0,0,2,high_agency,third_person,,light;tree;path,3
0ae57942-dbea-4039-b5b5-3b79802e5262,english,journey_quest,natural,1,1,0,0,0,0,0,1,high_agency,third_person,,light;path,2
2507fb22-819d-431a-961b-8340cfbff3df,english,idyllic_experience,natural,3,3,0,0,0,0,0,1,balanced_agency,third_person,,light;water;tree;bridge,4
74d52623-dd49-410d-af21-9005ec593758,english,idyllic_experience,natural,1,1,0,0,0,0,0,1,high_agency,third_person,,light;water,2
2e3167b4-0019-41e9-bb9d-bda884e2a3d4,english,journey_quest,natural,2,2,0,0,0,0,0,1,high_agency,first_person,,tree;path,2
b1122f72-883d-4fcf-a8b2-454d3d71d0d1,english,journey_quest,natural,2,2,0,0,1,0,0,2,high_agency,first_person,,light;tree;path,3
18bb6645-415b-49ca-98a4-ea5c13a1f802,english,journey_quest,natural,2,2,0,0,1,0,0,2,high_agency,first_person,,light;tree;path,3
4ef42d7e-72a5-4a80-88c8-c2e4ffebb267,english,journey_quest,natural,3,3,0,0,1,0,0,2,balanced_agency,first_person,,light;tree;path,3
eda2c7e9-a489-47c1-84c1-40cb733d95ad,english,journey_quest,natural,2,2,0,0,0,0,0,1,high_agency,first_person,,light;tree;path,3
8f39f039-4acc-4e51-960a-6eccd3fdfdab,english,journey_quest,natural,2,2,0,0,2,0,0,2,high_agency,third_person,magical_transformation,light;tree;path,3
7be20675-7184-4738-ab9d-4c1583579f58,english,journey_quest,urban,3,1,0,3,0,0,0,2,high_agency,first_person,flight_capability;magical_transformation,light;tree;path,3
95e14970-b57a-4383-ab96-dbca08e0698a,english,journey_quest,natural,2,2,0,0,0,0,0,1,high_agency,first_person,,tree;path,2
bb05e99f-6165-4c7e-b5fc-3ad3209fef69,english,journey_quest,natural,2,2,0,0,1,0,0,2,high_agency,first_person,,light;water;tree,3
263d8510-9a59-4382-90d0-1783b728ae9d,english,return_reunion,natural,1,1,0,0,0,0,0,1,low_agency,third_person,,light,1
3262c790-51dc-4655-9916-ebeebd60cdce,english,journey_quest,natural,2,2,0,0,0,0,0,1,high_agency,third_person,,,0
ed907084-6d18-439b-a245-2bc0a634a167,english,journey_quest,natural,2,2,0,0,0,0,0,1,high_agency,third_person,,water,1
61fddccf-daa3-4530-a0c9-9c9ac33d3b8d,english,idyllic_experience,natural,1,1,0,0,0,0,0,1,high_agency,third_person,,light;water,2
f31f2d69-6a20-416f-b85e-c04401615af5,english,idyllic_experience,natural,2,2,0,0,0,0,0,1,high_agency,third_person,,light,1
6afe4177-a19a-46ee-81a9-83a6e81dc4f1,english,journey_quest,natural,2,2,0,0,0,0,0,1,high_agency,third_person,,light;tree;path,3
61b6f785-5e53-4c51-9b8b-c8ac15bbae89,english,journey_quest,natural,2,2,0,0,0,0,0,1,high_agency,third_person,,water,1
1a9fc2e1-aeda-4c9e-9e9f-4767051c9442,english,journey_quest,natural,2,2,0,0,0,0,0,1,high_agency,third_person,,water;tree,2
34367e00-2d45-4c2e-b13d-f7f396d51370,english,other,urban,1,0,0,1,1,0,0,2,high_agency,first_person,,,0
2c4d0086-4d61-4138-9a69-1ef83613917a,english,journey_quest,natural,5,5,0,0,0,0,0,1,balanced_agency,third_person,,light;tree;path,3
c992298e-433c-4e1c-bcdc-d6aaee20bff1,english,journey_quest,natural,2,2,0,0,1,0,0,2,high_agency,first_person,magical_transformation,light;water;tree;path,4
8a094373-3c95-4944-b93a-a8900e4098ac,english,journey_quest,natural,2,2,0,0,0,0,0,1,high_agency,third_person,,light;water;tree;path,4
9e20b1ca-3449-428a-affe-029e96f4148b,english,discovery_exploration,urban,3,2,1,3,0,0,0,3,high_agency,first_person,,light;water;tree,3
34b059a0-1bc3-4d8f-887d-106c4c6d749a,english,journey_quest,natural,3,3,0,0,0,0,0,1,high_agency,third_person,,light;water;tree;path,4
eb69f2e4-ee75-4a13-8c23-010c1715e4d5,english,journey_quest,natural,3,3,0,0,0,0,0,1,high_agency,first_person,,light;tree,2
7413b67e-de6b-433c-9d30-b1f180ecceb9,english,idyllic_experience,natural,2,2,0,0,2,0,0,2,balanced_agency,third_person,magical_transformation,light;tree,2
aa1905f2-1e88-4087-9aaf-baa872aa8fd6,english,journey_quest,natural,2,2,0,0,0,0,0,1,high_agency,first_person,,light;tree,2
a1037708-ad47-4ec9-9eb0-85945210ebf0,english,other,natural,2,2,0,0,0,0,0,1,high_agency,third_person,,light;tree,2
c40c1f2d-faaa-4d95-9d75-5f0581d8e482,english,journey_quest,natural,2,2,0,0,2,0,0,2,high_agency,first_person,magical_transformation,light;tree,2
b7fa8ff8-cefd-4201-9093-c4e6a264e539,english,idyllic_experience,natural,2,2,1,0,0,0,0,2,high_agency,third_person,,light;tree,2
6bb7d1ea-da83-479d-a528-20be757f30ed,english,journey_quest,natural,2,2,1,0,0,0,0,2,high_agency,third_person,,light;water,2
1047711c-708d-4618-b1f0-3c71153c2609,english,journey_quest,domestic,2,2,2,0,0,0,0,2,high_agency,third_person,,light,1
2f866c73-e2e2-456d-acbb-5e47057ed3a6,english,journey_quest,natural,2,2,0,0,1,0,0,2,high_agency,first_person,,light;tree,2
56c78261-9d4a-4abb-a29c-6d9dba1d68be,english,other,domestic,1,1,1,0,1,0,0,3,high_agency,first_person,,,0
c7080d49-2dd7-492e-bdc8-fbf107012f7d,english,journey_quest,natural,2,2,0,0,0,0,0,1,high_agency,third_person,,light;water;tree;path,4
11665733-e88a-4c33-a735-5b6a6e3c690f,basque,other,domestic,0,0,0,0,0,0,0,0,balanced_agency,third_person,,,0
d4bf9afb-0229-43d3-a91e-f4be9da66820,basque,other,domestic,0,0,0,0,0,0,0,0,balanced_agency,third_person,,,0
8f8eac7f-46bb-4ba9-9378-24a3c149894c,basque,other,domestic,0,0,0,0,0,0,0,0,balanced_agency,third_person,,,0
6f470241-72a9-4631-865d-de8aac3d3c69,basque,other,domestic,0,0,0,0,0,0,0,0,balanced_agency,third_person,,,0
d96a434c-5e0a-4b3e-904c-a84eae7fa446,basque,other,domestic,0,0,0,0,0,0,0,0,balanced_agency,third_person,,,0
cc16daae-cc48-4ca7-9843-794d44d0541a,basque,other,domestic,0,0,0,0,0,0,0,0,balanced_agency,first_person,,,0
6cc9d4e3-0425-4680-9a03-965323471058,basque,other,domestic,0,0,0,0,0,0,0,0,balanced_agency,third_person,,,0
1769a12a-62dd-4371-9888-801c75a1eaf3,basque,other,domestic,0,0,0,0,0,0,0,0,balanced_agency,third_person,,,0
2f3861cd-8db9-411b-b155-9c5b7616bdb7,basque,other,domestic,0,0,0,0,0,0,0,0,balanced_agency,first_person,,,0
47cb6380-5ae4-4802-be73-1281238a81c9,basque,other,domestic,0,0,0,0,0,0,0,0,balanced_agency,third_person,,,0
7f00a719-cc90-47d5-bde6-d734e9488a02,basque,other,domestic,0,0,0,0,0,0,0,0,balanced_agency,third_person,,,0
36f6ce2f-6c29-420f-8756-2c9c8c5ba810,basque,other,domestic,0,0,0,0,0,0,0,0,balanced_agency,third_person,,,0
29eaac81-3169-4842-869e-9cd92bb44bbb,basque,other,domestic,0,0,0,0,0,0,0,0,high_agency,third_person,,,0
7039b38f-a279-45d4-8da9-17affbc977fd,basque,other,natural,1,1,0,0,0,0,0,1,balanced_agency,third_person,,,0
3e0c0eea-9f6b-4a9f-adf7-a89b305631ea,basque,other,domestic,0,0,0,0,0,0,0,0,high_agency,third_person,,,0
5d08142f-3171-4c28-8559-e9325b17818c,basque,other,domestic,0,0,0,0,0,0,0,0,balanced_agency,third_person,,,0
c83198ba-dabe-49b1-82bc-8bf3af0bcb17,basque,other,domestic,0,0,0,0,0,0,0,0,balanced_agency,third_person,,,0
fcf44f66-ad01-4d96-b2ee-e7ea90b50bc4,basque,other,domestic,0,0,0,0,0,0,0,0,balanced_agency,third_person,,,0
c8f3c542-18c4-4c44-87ca-4d63c030aed2,basque,other,domestic,0,0,0,0,0,0,0,0,high_agency,third_person,,,0
cafd3274-c643-4eb5-8c9b-8168d7d931f7,basque,other,domestic,0,0,0,0,0,0,0,0,balanced_agency,third_person,,,0
14c66150-b956-4e61-adb2-03200a1020ae,basque,other,domestic,0,0,0,0,0,0,0,0,balanced_agency,third_person,,,0
ca883126-b502-4ba7-b8db-1f2890ee670f,basque,other,domestic,0,0,0,0,0,0,0,0,balanced_agency,third_person,,,0
bea86f14-7fad-4342-b592-c423d8f5cca6,basque,other,domestic,0,0,0,0,0,0,0,0,balanced_agency,third_person,,,0
30353898-ccf5-4e90-ab6f-c6fd82f9fd14,basque,other,domestic,0,0,0,0,0,0,0,0,balanced_agency,third_person,,,0
0a366393-5424-47f6-84d9-7d34fc207b0f,basque,other,natural,1,1,0,0,0,0,0,1,balanced_agency,third_person,,,0
d0cfdc98-a303-43db-8bae-581daaae9911,basque,other,domestic,0,0,0,0,0,0,0,0,balanced_agency,third_person,,,0
c40604f3-e3ad-4934-8433-43edc854ebf2,basque,other,domestic,0,0,0,0,0,0,0,0,balanced_agency,third_person,,,0
ce67d811-7e61-4304-98df-ff45eddb563d,basque,other,domestic,0,0,0,0,0,0,0,0,high_agency,third_person,,,0
7080d6c0-c2d0-44c6-8660-660d5b6a6048,basque,other,domestic,0,0,0,0,0,0,0,0,balanced_agency,third_person,,,0
9ca62d67-8a57-4d67-978d-c36a40174311,basque,other,domestic,0,0,0,0,0,0,0,0,high_agency,third_person,,,0
3123c59a-c8ef-46d0-8bee-a3471d639b2b,basque,other,domestic,0,0,0,0,0,0,0,0,high_agency,third_person,,,0
8c990bb9-babd-4b8f-b192-2c56d7d74bd5,basque,other,domestic,0,0,0,0,0,0,0,0,high_agency,third_person,,,0
eb4cbbe6-4931-4bd1-9d3f-4b3203e279a3,basque,other,domestic,0,0,0,0,0,0,0,0,balanced_agency,third_person,,,0
d42ee27f-d45c-4f22-bd51-1a5b7a1aa5e8,basque,other,domestic,0,0,0,0,0,0,0,0,balanced_agency,third_person,,,0
e564b815-e6a1-4a9a-8636-dc203e4fadf2,basque,other,domestic,0,0,0,0,0,0,0,0,balanced_agency,third_person,,,0
e5af2e09-004e-44c0-a1af-1c298ee161ec,basque,other,domestic,0,0,0,0,0,0,0,0,balanced_agency,third_person,,,0
cdc3aeea-cfd4-4582-a387-4fb2d5fb3caa,basque,other,domestic,0,0,0,0,0,0,0,0,balanced_agency,third_person,,,0
030471e6-b5bb-406c-8e0a-3cf4b424d157,basque,other,domestic,0,0,0,0,0,0,0,0,high_agency,third_person,,,0
42aba69e-5c8e-444d-a2b2-906334ae4811,basque,other,domestic,0,0,0,0,0,0,0,0,balanced_agency,third_person,,,0
9d7d23d8-3364-4e80-bc30-57a843702882,basque,other,domestic,0,0,0,0,0,0,0,0,balanced_agency,third_person,,,0
84c09495-c1e1-4484-87f2-a094cc8ea063,basque,other,domestic,0,0,0,0,0,0,0,0,balanced_agency,third_person,,,0
c3a1f265-f856-4864-b215-42e94737a38f,basque,other,domestic,0,0,0,0,0,0,0,0,balanced_agency,third_person,,,0
25638a33-131f-4691-a5a6-f3ae2d71be4f,basque,other,domestic,0,0,0,0,0,0,0,0,high_agency,third_person,,,0
21fb1ac1-9648-4119-8035-f5db9b254954,basque,other,domestic,0,0,0,0,0,0,0,0,balanced_agency,third_person,,,0
217af415-9c4b-4ef8-b9c7-d642108c95bf,basque,other,domestic,0,0,0,0,0,0,0,0,balanced_agency,third_person,,,0
e353a194-d351-4010-9f97-94e3bec1d62f,basque,other,domestic,0,0,0,0,0,0,0,0,high_agency,third_person,,,0
ecd9c797-8e15-439c-b3aa-b244b44097ab,basque,other,domestic,0,0,0,0,0,0,0,0,balanced_agency,third_person,,,0
a2767005-6384-481a-bade-dbfbeb38264a,basque,other,domestic,0,0,0,0,0,0,0,0,high_agency,third_person,,,0
19a80389-464d-4aaa-9d39-ab4235a1f21c,basque,other,domestic,0,0,0,0,0,0,0,0,balanced_agency,third_person,,,0
c7c13f30-8033-40cf-b53b-018749495531,basque,other,domestic,0,0,0,0,0,0,0,0,high_agency,third_person,,,0
cac5927e-5518-4abd-900a-45815cfa1653,basque,other,domestic,0,0,0,0,0,0,0,0,balanced_agency,third_person,,,0
ac8070a0-67ce-41a3-bdc6-7dc9d87c4353,basque,other,domestic,0,0,0,0,0,0,0,0,balanced_agency,third_person,,,0
bcc2ccfd-7e65-4f90-a435-9f99774d6690,basque,other,domestic,0,0,0,0,0,0,0,0,balanced_agency,third_person,,,0
31e83ed4-5e42-4b30-9103-b645274669e5,basque,other,domestic,0,0,0,0,0,0,0,0,balanced_agency,third_person,,,0
cbe27be5-1d7a-466b-8100-4c4a70808976,basque,other,domestic,0,0,0,0,0,0,0,0,balanced_agency,third_person,,,0
5c983353-ee04-4f3e-9354-54939a711c08,basque,other,domestic,0,0,0,0,0,0,0,0,balanced_agency,third_person,,,0
99ee693d-9ace-4284-82b8-0b250062e31e,basque,other,domestic,0,0,0,0,0,0,0,0,balanced_agency,third_person,,,0
d95ff99f-ac7b-4bcb-b04f-5a0f32672748,basque,other,domestic,0,0,0,0,0,0,0,0,balanced_agency,third_person,,,0
90c42a3f-b5ff-48af-a0d5-dc405dc16230,basque,other,domestic,0,0,0,0,0,0,0,0,balanced_agency,third_person,,,0
507d44db-c186-4ac5-8a07-8b1f67ce9868,basque,other,domestic,0,0,0,0,0,0,0,0,balanced_agency,first_person,,,0
d675073c-b801-41e1-ab8a-e71b2f8485a7,basque,other,domestic,0,0,0,0,0,0,0,0,balanced_agency,third_person,,,0
5dd6f284-dad9-4dec-b398-bbb1dff835e2,basque,other,domestic,0,0,0,0,0,0,0,0,high_agency,third_person,,,0
5c14b845-50cd-4518-ac6a-caf35fc17515,basque,other,domestic,0,0,0,0,0,0,0,0,balanced_agency,third_person,,,0
6d48aac4-6bfb-4517-9e82-8be63449c188,basque,other,domestic,0,0,0,0,0,0,0,0,balanced_agency,third_person,,,0
42598479-8e1e-4f7c-87b4-ebf565738a48,basque,other,domestic,0,0,0,0,0,0,0,0,balanced_agency,third_person,,,0
6cfc33a3-b21a-44d9-a7c6-8407c55db4d3,basque,other,domestic,0,0,0,0,0,0,0,0,balanced_agency,third_person,,,0
0c8811ab-60bc-44c7-8501-cda83bdc9caa,basque,other,domestic,0,0,0,0,0,0,0,0,balanced_agency,third_person,,,0
89fe704b-bfba-4ffe-b352-76c36c262ed7,basque,other,domestic,0,0,0,0,0,0,0,0,balanced_agency,third_person,,,0
b10dbbfc-3879-48ca-92af-a2296ee7451c,basque,other,domestic,0,0,0,0,0,0,0,0,balanced_agency,third_person,,,0
c20d2208-83a6-4314-8b43-90033470ee2f,basque,other,domestic,0,0,0,0,0,0,0,0,balanced_agency,first_person,,,0
9ad44120-f8cc-4c12-aa4c-d5103354ede9,basque,other,domestic,0,0,0,0,0,0,0,0,balanced_agency,third_person,,,0
b8b5412e-ea2e-4897-869e-d6831a1f4cbd,basque,other,domestic,0,0,0,0,0,0,0,0,balanced_agency,third_person,,,0
5a13d30a-ef2a-43d9-bcc0-e565406f2cc9,basque,other,domestic,0,0,0,0,0,0,0,0,balanced_agency,third_person,,,0
18324ad7-f12e-49ba-a9b7-b67a11e6c073,basque,other,domestic,0,0,0,0,0,0,0,0,balanced_agency,third_person,,,0
6cc601ab-15b1-4a7d-9baf-646a11328549,basque,other,domestic,0,0,0,0,0,0,0,0,balanced_agency,third_person,,,0
a9dd9c1e-4fa9-44f7-a147-4dcd7329ea06,hebrew,other,domestic,0,0,0,0,0,0,0,0,balanced_agency,third_person,,,0
82467a15-fad1-493b-8b82-30bd2dad3255,hebrew,other,domestic,0,0,0,0,0,0,0,0,balanced_agency,third_person,,,0
4a605a84-5331-4803-a16c-ae45962d03b5,hebrew,other,domestic,0,0,0,0,0,0,0,0,balanced_agency,third_person,,,0
b852b77a-a2dd-4956-91fb-e2df93155f3f,hebrew,other,domestic,0,0,0,0,0,0,0,0,balanced_agency,third_person,,,0
0a7726aa-6a03-483e-8133-d8d453e3e636,hebrew,other,domestic,0,0,0,0,0,0,0,0,balanced_agency,third_person,,,0
71c81d3f-eae5-4dba-a036-da235b482079,hebrew,other,domestic,0,0,0,0,0,0,0,0,balanced_agency,third_person,,,0
88d0b945-3a0e-4b8c-999b-676a0749493d,hebrew,other,domestic,0,0,0,0,0,0,0,0,balanced_agency,third_person,,,0
311cf252-5675-4762-87fc-f98263899a53,hebrew,other,domestic,0,0,0,0,0,0,0,0,balanced_agency,third_person,,,0
49b7864b-77f5-4753-b22e-56f96cdafa25,hebrew,other,domestic,0,0,0,0,0,0,0,0,balanced_agency,third_person,,,0
a992c704-047f-472f-8d99-50d0679dfb38,hebrew,other,domestic,0,0,0,0,0,0,0,0,balanced_agency,third_person,,,0
d27a1f59-f04b-4451-83e7-e478e68634d8,hebrew,other,domestic,0,0,0,0,0,0,0,0,balanced_agency,third_person,,,0
dd1a6cd0-10a7-43fd-8353-f21d4d5cd4e3,hebrew,other,domestic,0,0,0,0,0,0,0,0,balanced_agency,third_person,,,0
14ea599a-5c5e-4067-9dc2-a848f1c5a599,hebrew,other,domestic,0,0,0,0,0,0,0,0,balanced_agency,third_person,,,0
49ecb080-eb5d-408f-a58b-57e17efd6e89,hebrew,other,domestic,0,0,0,0,0,0,0,0,balanced_agency,third_person,,,0
9c9247d0-03e4-4923-8c44-947fccaafa45,hebrew,other,domestic,0,0,0,0,0,0,0,0,balanced_agency,third_person,,,0
01ceaad5-a7a9-4f87-b154-de037f3d8da0,hebrew,other,domestic,0,0,0,0,0,0,0,0,balanced_agency,third_person,,,0
47a2ea00-392a-4abb-86f4-0c70eeb817fc,hebrew,other,domestic,0,0,0,0,0,0,0,0,balanced_agency,third_person,,,0
c3890180-a760-4a02-aff5-5ffd22cd6023,hebrew,other,domestic,0,0,0,0,0,0,0,0,balanced_agency,third_person,,,0
ed4d4c5a-493a-4028-b44f-b0c3754820b0,hebrew,other,domestic,0,0,0,0,0,0,0,0,balanced_agency,third_person,,,0
bf199dad-ced4-4901-be77-9a43a600e854,hebrew,other,domestic,0,0,0,0,0,0,0,0,balanced_agency,third_person,,,0
e5d6ae2f-3df7-43f2-a5e8-6c589b379259,hebrew,other,domestic,0,0,0,0,0,0,0,0,balanced_agency,third_person,,,0
329774b5-2d64-4943-81a1-13055ab99c49,hebrew,other,domestic,0,0,0,0,0,0,0,0,balanced_agency,third_person,,,0
9db071b4-f8f8-42a2-876d-9a60ff55b2b3,hebrew,other,domestic,0,0,0,0,0,0,0,0,balanced_agency,third_person,,,0
52bade29-52fc-4943-909b-867708aabc48,hebrew,other,domestic,0,0,0,0,0,0,0,0,balanced_agency,third_person,,,0
58e7f280-5cf3-4dae-9886-b69e53017c42,hebrew,other,domestic,0,0,0,0,0,0,0,0,balanced_agency,third_person,,,0
bd9f70f6-a20e-43df-8fee-b5c9e10bfb67,hebrew,other,domestic,0,0,0,0,0,0,0,0,balanced_agency,third_person,,,0
e7ff51af-ac58-49f0-8343-0f48af358949,hebrew,other,domestic,0,0,0,0,0,0,0,0,balanced_agency,third_person,,,0
44054418-4e51-4615-8d68-245b87ce75cf,hebrew,other,domestic,0,0,0,0,0,0,0,0,balanced_agency,third_person,,,0
3f8841a8-2f35-4958-94e4-80c0a0db4cf7,hebrew,other,domestic,0,0,0,0,0,0,0,0,balanced_agency,third_person,,,0
271030ad-3645-43ba-b672-6f6dff4aa4d1,hebrew,other,domestic,0,0,0,0,0,0,0,0,balanced_agency,third_person,,,0
ac147d6d-942f-4d42-ab21-c70726ad76a5,hebrew,other,domestic,0,0,0,0,0,0,0,0,balanced_agency,third_person,,,0
918eb562-7509-4695-8fc6-5678c9d871a6,hebrew,other,domestic,0,0,0,0,0,0,0,0,balanced_agency,third_person,,,0
4b339d55-cd8b-4e4f-8109-ac45146f37cc,hebrew,other,domestic,0,0,0,0,0,0,0,0,balanced_agency,third_person,,,0
0cc94558-4b40-444a-927a-e066410f0810,hebrew,other,domestic,0,0,0,0,0,0,0,0,balanced_agency,third_person,,,0
31ff785d-b34c-4fc3-a788-842acff880e3,hebrew,other,domestic,0,0,0,0,0,0,0,0,balanced_agency,third_person,,,0
2cdd0902-8868-4c44-99bb-9c6bc0092a3f,hebrew,other,domestic,0,0,0,0,0,0,0,0,balanced_agency,third_person,,,0
04a7d672-323d-4be0-b84c-9b1a065d8380,hebrew,other,domestic,0,0,0,0,0,0,0,0,balanced_agency,third_person,,,0
38a71aa2-77fe-42e7-8bfb-436197398c7e,hebrew,other,domestic,0,0,0,0,0,0,0,0,balanced_agency,third_person,,,0
6bd9f693-c98c-4396-8eab-538b5b339064,hebrew,other,domestic,0,0,0,0,0,0,0,0,balanced_agency,third_person,,,0
d4a34faf-a38f-485e-97e6-35deddeb91eb,hebrew,other,domestic,0,0,0,0,0,0,0,0,balanced_agency,third_person,,,0
69485072-f5ad-47bb-b023-9d6e181b47f5,hebrew,other,domestic,0,0,0,0,0,0,0,0,balanced_agency,third_person,,,0
435fa332-25e9-41a4-ac2c-f8e73d77a379,hebrew,other,domestic,0,0,0,0,0,0,0,0,balanced_agency,third_person,,,0
69bd53c7-3a8e-4667-8bfb-4ebcceb45e04,hebrew,other,domestic,0,0,0,0,0,0,0,0,balanced_agency,third_person,,,0
13615320-2ee6-4031-9795-bbcdf6af0213,hebrew,other,domestic,0,0,0,0,0,0,0,0,balanced_agency,third_person,,,0
5b5e19b8-b658-41e9-939e-cc90af335336,hebrew,other,domestic,0,0,0,0,0,0,0,0,balanced_agency,third_person,,,0
fb797366-06de-4a6b-b1e9-0bdb46560a03,hebrew,other,domestic,0,0,0,0,0,0,0,0,balanced_agency,third_person,,,0
a5ae32c9-2a07-486a-b74a-ec58ab562778,hebrew,other,domestic,0,0,0,0,0,0,0,0,balanced_agency,third_person,,,0
5ffa497c-e248-4f8d-8b44-ca586007a630,hebrew,other,domestic,0,0,0,0,0,0,0,0,balanced_agency,third_person,,,0
8b22d0ac-e669-40f4-8105-83d783f9e4ea,hebrew,other,domestic,0,0,0,0,0,0,0,0,balanced_agency,third_person,,,0
a539918b-13b9-4e72-a283-d790048384a0,hebrew,other,domestic,0,0,0,0,0,0,0,0,balanced_agency,third_person,,,0
a0c05664-dfce-46ea-a432-a76651c9ee57,hebrew,other,domestic,0,0,0,0,0,0,0,0,balanced_agency,third_person,,,0
2b045485-3b15-4cf0-8b09-07f2ecb89539,hebrew,other,domestic,0,0,0,0,0,0,0,0,balanced_agency,third_person,,,0
87417fa3-3555-4c13-8273-8ebd7d36b03b,hebrew,other,domestic,0,0,0,0,0,0,0,0,balanced_agency,third_person,,,0
382f9857-89ab-472f-9c8e-0ca9585c474a,hebrew,other,domestic,0,0,0,0,0,0,0,0,balanced_agency,third_person,,,0
c5e5a68f-b1f9-4c13-a0e9-c58e449a7b27,hebrew,other,domestic,0,0,0,0,0,0,0,0,balanced_agency,third_person,,,0
9814a5ab-8c44-41c0-bf06-b1403e4b6e23,hebrew,other,domestic,0,0,0,0,0,0,0,0,balanced_agency,third_person,,,0
8e28192b-d20c-4e20-b49d-607f29e6814a,hebrew,other,domestic,0,0,0,0,0,0,0,0,balanced_agency,third_person,,,0
e2dc1973-3edd-4f6f-a835-0e2e50f37635,hebrew,other,domestic,0,0,0,0,0,0,0,0,balanced_agency,third_person,,,0
2af8f71d-4918-4611-b8c0-c29bdadacde7,hebrew,other,domestic,0,0,0,0,0,0,0,0,balanced_agency,third_person,,,0
89635066-3ca2-4992-8f4c-b149ebe1cd41,hebrew,other,domestic,0,0,0,0,0,0,0,0,balanced_agency,third_person,,,0
9166d88a-910d-40a1-b181-d5beb32ce429,hebrew,other,domestic,0,0,0,0,0,0,0,0,balanced_agency,third_person,,,0
9caa8a1d-3ae3-40a9-bbdd-b09c780fa25b,hebrew,other,domestic,0,0,0,0,0,0,0,0,balanced_agency,third_person,,,0
1097d786-48bf-4fce-8aa4-f6778fc85911,hebrew,other,domestic,0,0,0,0,0,0,0,0,balanced_agency,third_person,,,0
4fe475af-2d8e-4bb3-9328-d0ce572c0e40,hebrew,other,domestic,0,0,0,0,0,0,0,0,balanced_agency,third_person,,,0
916c34c1-fa67-437a-9789-bd961a1412c6,hebrew,other,domestic,0,0,0,0,0,0,0,0,balanced_agency,third_person,,,0
cdddbbfc-f0af-4132-8b78-f2c329bf76b4,hebrew,other,domestic,0,0,0,0,0,0,0,0,balanced_agency,third_person,,,0
4a023947-45f1-484c-b1ce-f4243f917ddc,hebrew,other,domestic,0,0,0,0,0,0,0,0,balanced_agency,third_person,,,0
9fc86120-5b45-4e2e-aee7-6a133d28e422,hebrew,other,domestic,0,0,0,0,0,0,0,0,balanced_agency,third_person,,,0
ba3b32f6-6e97-4dd4-83e2-13fe1b5c781e,hebrew,other,domestic,0,0,0,0,0,0,0,0,balanced_agency,third_person,,,0
95cc82e9-3108-47e3-8f49-3c3cb2dc150e,hebrew,other,domestic,0,0,0,0,0,0,0,0,balanced_agency,third_person,,,0
1e8d733e-4b6d-432c-a886-6c3bb2da859a,hebrew,other,domestic,0,0,0,0,0,0,0,0,balanced_agency,third_person,,,0
7ddacb7e-a365-4adc-adf5-99ce849e358b,hebrew,other,domestic,0,0,0,0,0,0,0,0,balanced_agency,third_person,,,0
fedfb23d-2737-4bab-820d-c695bb44ea65,hebrew,other,domestic,0,0,0,0,0,0,0,0,balanced_agency,third_person,,,0
b0e263b2-b8bd-48d5-90ac-ae2eaf4651ef,hebrew,other,domestic,0,0,0,0,0,0,0,0,balanced_agency,third_person,,,0
a8f3eb69-f2bb-4d4a-9f49-548d678ccdfe,hebrew,other,domestic,0,0,0,0,0,0,0,0,balanced_agency,third_person,,,0
f38addd5-8b9c-482b-b9b9-0d8548c24cea,hebrew,other,domestic,0,0,0,0,0,0,0,0,balanced_agency,third_person,,,0
1a292a7e-2397-4005-a922-0e83ea0e5ee3,hebrew,other,domestic,0,0,0,0,0,0,0,0,balanced_agency,third_person,,,0
60b6cd67-5201-484d-a311-39496895331e,hebrew,other,domestic,0,0,0,0,0,0,0,0,balanced_agency,third_person,,,0
71734b07-d0a3-42c3-b887-8f05dbd4e083,hebrew,other,domestic,0,0,0,0,0,0,0,0,balanced_agency,third_person,,,0
018fb355-76e2-4539-ab85-9e488f0f8783,hebrew,other,domestic,0,0,0,0,0,0,0,0,balanced_agency,third_person,,,0
7ebc2f4f-1593-41f2-b4d0-545f5bf4e922,hebrew,other,domestic,0,0,0,0,0,0,0,0,balanced_agency,third_person,,,0
d5ff89ba-bdf0-428e-ac86-ca5e0c37882a,hebrew,other,domestic,0,0,0,0,0,0,0,0,balanced_agency,third_person,,,0
88545b37-57d5-4283-a0e4-a6e4d4530d9e,hebrew,other,domestic,0,0,0,0,0,0,0,0,balanced_agency,third_person,,,0
430192e8-9b86-4579-bf1c-9d7a45a3d116,hebrew,other,domestic,0,0,0,0,0,0,0,0,balanced_agency,third_person,,,0
89c9f34f-b7b4-40df-a9b2-306a0b823311,hebrew,other,domestic,0,0,0,0,0,0,0,0,balanced_agency,third_person,,,0
dd3ddbdc-83de-473b-9003-578fe960ca8b,hebrew,other,domestic,0,0,0,0,0,0,0,0,balanced_agency,third_person,,,0
834daee6-4e00-4750-a42e-df50d4bc6531,hebrew,other,domestic,0,0,0,0,0,0,0,0,balanced_agency,third_person,,,0
cd6558ec-ed0d-4ca2-ad9c-27b18c295bb9,hebrew,other,domestic,0,0,0,0,0,0,0,0,balanced_agency,third_person,,,0
98054f2e-ca51-4fb6-93d7-a26141005142,hebrew,other,domestic,0,0,0,0,0,0,0,0,balanced_agency,third_person,,,0
e7024bf6-1334-43bc-866f-c80411d9cfd9,hebrew,other,domestic,0,0,0,0,0,0,0,0,balanced_agency,third_person,,,0
906e12c9-156c-47bf-9e31-d94c3d5c8828,hebrew,other,domestic,0,0,0,0,0,0,0,0,balanced_agency,third_person,,,0
9f95e726-3d46-4f0b-aeb8-0e40649b39e2,hebrew,other,domestic,0,0,0,0,0,0,0,0,balanced_agency,third_person,,,0
a7e40bab-e5ff-4ab0-8df9-31c22d00f366,hebrew,other,domestic,0,0,0,0,0,0,0,0,balanced_agency,third_person,,,0
b98b2cd4-738f-4763-9cd1-f0605cfa4b2a,hebrew,other,domestic,0,0,0,0,0,0,0,0,balanced_agency,third_person,,,0
e7c1838a-4556-4f6a-bdf3-3dcd58c07300,hebrew,other,domestic,0,0,0,0,0,0,0,0,balanced_agency,third_person,,,0
30d7818d-8e79-4431-9390-1e137b02f61e,hebrew,other,domestic,0,0,0,0,0,0,0,0,balanced_agency,third_person,,,0
b05a2393-da49-49fe-8ecb-87a0a7706386,hebrew,other,domestic,0,0,0,0,0,0,0,0,balanced_agency,third_person,,,0
9c6ae43a-d7cc-4f28-b21a-258bde918723,hebrew,other,domestic,0,0,0,0,0,0,0,0,balanced_agency,third_person,,,0
54998a2a-8138-4662-8883-b2d9f95ff518,serbian,other,domestic,0,0,0,0,0,0,0,0,high_agency,first_person,,,0
fd1f9086-d7c1-462d-a5da-c142c14a0eb7,serbian,other,domestic,0,0,0,0,0,0,0,0,high_agency,first_person,,,0
05b4c864-0e4a-4135-9b32-edeb3a2b6bf3,serbian,other,domestic,0,0,0,0,0,0,0,0,high_agency,third_person,,,0
304481ba-73cc-4b95-a37c-db3157e03e0e,serbian,other,domestic,0,0,0,0,0,0,0,0,high_agency,first_person,,,0
9c84b408-3d6d-4265-ab62-fc8775b4a88d,serbian,other,domestic,0,0,0,0,0,0,0,0,high_agency,first_person,,,0
c4e9824c-a21c-43ab-b3a8-4853377b5e6c,serbian,other,domestic,0,0,0,0,0,0,0,0,high_agency,third_person,,,0
0cc11eb1-0075-43c8-8fd2-e96d948f9c5a,serbian,other,natural,1,1,0,0,0,0,0,1,high_agency,third_person,,,0
bac8177a-9f3b-4e28-982a-d112dc31377f,serbian,other,domestic,0,0,0,0,0,0,0,0,high_agency,first_person,,,0
51018f47-96f5-4062-885b-4383926ba3ea,serbian,other,domestic,0,0,0,0,0,0,0,0,high_agency,first_person,,,0
8a13d3fa-5633-4a31-a448-bde99b68ded1,serbian,other,domestic,0,0,0,0,0,0,0,0,high_agency,third_person,,,0
1af80a53-87be-434d-882b-522b2b5e63f4,serbian,other,domestic,0,0,0,0,0,0,0,0,high_agency,first_person,,,0
fea70012-2a2b-4ebc-afe5-d58dc15be321,serbian,other,domestic,0,0,0,0,0,0,0,0,high_agency,first_person,,,0
eeee1085-116c-4b45-a3b2-6868f6dfd5e4,serbian,other,domestic,0,0,0,0,0,0,0,0,balanced_agency,first_person,,,0
daf6ff00-0016-4a44-ae63-3c27939aa04d,serbian,other,domestic,0,0,0,0,0,0,0,0,balanced_agency,first_person,,,0
171d4ad9-84a6-4bc4-b4c2-10b692c6092b,serbian,other,domestic,0,0,0,0,0,0,0,0,high_agency,third_person,,,0
349a7799-afe1-44b3-8cc9-8c840bcc199c,serbian,other,domestic,0,0,0,0,0,0,0,0,balanced_agency,first_person,,,0
bc8f473c-88c0-4e89-8df9-f4e695189e79,serbian,other,domestic,0,0,0,0,0,0,0,0,balanced_agency,first_person,,,0
8f4becc1-7814-4c79-857f-b60682a919fa,serbian,other,domestic,0,0,0,0,0,0,0,0,balanced_agency,first_person,,,0
521234bf-615a-4ee3-8af8-cfabd889d63c,serbian,other,domestic,0,0,0,0,0,0,0,0,balanced_agency,first_person,,,0
ec85392e-d07c-4700-9f21-20e408ca2263,serbian,other,domestic,0,0,0,0,0,0,0,0,balanced_agency,third_person,,,0
523293c0-eb64-43e1-892d-40357d67334e,serbian,other,domestic,0,0,0,0,0,0,0,0,balanced_agency,first_person,,,0
25b01bff-fea6-4acf-a036-fbf81583247c,serbian,other,natural,1,1,0,0,0,0,0,1,balanced_agency,first_person,,,0
808694e6-32fe-41e6-931a-4b8589844be4,serbian,other,domestic,0,0,0,0,0,0,0,0,balanced_agency,first_person,,,0
aa681409-34fa-49f2-8ae5-5d0a740d7304,serbian,other,domestic,0,0,0,0,0,0,0,0,balanced_agency,first_person,,,0
a55c9740-528b-4e0f-94c0-e7ac425931be,serbian,other,domestic,0,0,0,0,0,0,0,0,balanced_agency,third_person,,,0
ee7f2a60-214c-482a-8d34-42e472e7b296,serbian,other,domestic,0,0,0,0,0,0,0,0,high_agency,first_person,,,0
627908e6-dc9e-411b-b342-b522d6af8f51,serbian,other,domestic,0,0,0,0,0,0,0,0,balanced_agency,first_person,,,0
bda68f60-f2bf-4744-a927-330b43c7eea1,serbian,other,domestic,0,0,0,0,0,0,0,0,balanced_agency,third_person,,,0
602e2a08-fa06-4eac-aee8-6147667e3c6c,serbian,other,domestic,0,0,0,0,0,0,0,0,balanced_agency,first_person,,,0
3dec24fa-3e31-4661-b445-06faf3d8da99,serbian,other,domestic,0,0,0,0,0,0,0,0,high_agency,first_person,,,0
df15f07c-f2a8-4cb2-87db-4354a922f7b8,serbian,other,domestic,0,0,0,0,0,0,0,0,high_agency,first_person,,,0
56250688-77af-41ac-975f-bdc86c275bb4,serbian,other,domestic,0,0,0,0,0,0,0,0,high_agency,first_person,,,0
47f5e502-423c-49ef-a1ba-652059f42a7a,serbian,other,domestic,0,0,0,0,0,0,0,0,high_agency,first_person,,,0
2d4b479f-035d-4138-a569-2a1a3d5fd13c,serbian,other,domestic,0,0,0,0,0,0,0,0,balanced_agency,first_person,,,0
7c3bded5-92bb-483e-9370-bd49460c6526,serbian,other,domestic,0,0,0,0,0,0,0,0,balanced_agency,first_person,,,0
1d8e69f3-c2c7-463d-b2a4-d30785682782,serbian,other,domestic,0,0,0,0,0,0,0,0,balanced_agency,first_person,,,0
2544b717-d11b-4815-b0a3-8b63affdbec0,serbian,other,domestic,0,0,0,0,0,0,0,0,high_agency,first_person,,,0
0e585755-bd6f-4dcf-bcef-6964b65ca7bb,serbian,other,domestic,0,0,0,0,0,0,0,0,balanced_agency,first_person,,,0
caebb8b7-5e41-4eb0-832a-33b8b2a98867,serbian,other,domestic,0,0,0,0,0,0,0,0,high_agency,first_person,,,0
b5995efd-a432-4373-8139-cbe8f3691b7f,serbian,other,domestic,0,0,0,0,0,0,0,0,balanced_agency,first_person,,,0
67cb5ed5-54c7-4200-af86-5635883e78f6,serbian,other,domestic,0,0,0,0,0,0,0,0,high_agency,first_person,,,0
322e799c-4747-42e4-9a2d-9a8d0e7cdae5,serbian,other,domestic,0,0,0,0,0,0,0,0,balanced_agency,first_person,,,0
26fb9592-28a0-43cc-8e9f-999ab7171719,serbian,other,domestic,0,0,0,0,0,0,0,0,balanced_agency,first_person,,,0
b9954fdd-7527-49b5-963f-c2481c860d43,serbian,other,domestic,0,0,0,0,0,0,0,0,high_agency,first_person,,,0
0ce6dfc2-0db6-46bf-b5cc-c9859d67ab67,serbian,other,domestic,0,0,0,0,0,0,0,0,balanced_agency,first_person,,,0
8ef52efe-a9bc-4c87-98db-6ef06ccf102e,serbian,other,domestic,0,0,0,0,0,0,0,0,balanced_agency,first_person,,,0
710c6a17-7d38-4f8e-8191-24b1d1044a10,serbian,other,domestic,0,0,0,0,0,0,0,0,balanced_agency,first_person,,,0
fb511bd9-e70a-4479-8382-86b3897c187a,serbian,other,domestic,0,0,0,0,0,0,0,0,high_agency,first_person,,,0
4e8ac79f-ccc0-42b8-8556-dc1cd00e3546,serbian,other,domestic,0,0,0,0,0,0,0,0,high_agency,first_person,,,0
8489a8dd-03c0-4941-9328-ebc9853cf7c3,serbian,other,domestic,0,0,0,0,0,0,0,0,balanced_agency,first_person,,,0
d033fd15-ae46-4a35-9659-8d049768682b,serbian,other,domestic,0,0,0,0,0,0,0,0,balanced_agency,first_person,,,0
eb551428-e539-4ed0-80a3-993591d651d6,serbian,other,domestic,0,0,0,0,0,0,0,0,balanced_agency,first_person,,,0
c0800a80-25b8-441c-9849-a4c13cc6a7b6,serbian,other,domestic,0,0,0,0,0,0,0,0,balanced_agency,third_person,,,0
c3c4af46-a78f-43c2-bfcf-b59afb6870ad,serbian,other,domestic,0,0,0,0,0,0,0,0,balanced_agency,first_person,,,0
67c20f2b-1b08-4e4b-b9e0-aeeaf93b329d,serbian,other,domestic,0,0,0,0,0,0,0,0,balanced_agency,first_person,,,0
bc0847fa-42d6-44b4-8be9-2fb5308ba277,serbian,other,domestic,0,0,0,0,0,0,0,0,balanced_agency,third_person,,,0
543ca89d-4346-4253-b135-d1e08aed932e,serbian,other,domestic,0,0,0,0,0,0,0,0,balanced_agency,first_person,,,0
74562a41-b123-43bc-b5cf-6c9f7d43b203,serbian,other,domestic,0,0,0,0,0,0,0,0,balanced_agency,first_person,,,0
e505586f-8f5e-48c4-8711-176459e93350,serbian,other,domestic,0,0,0,0,0,0,0,0,high_agency,third_person,,,0
509c3982-4072-40a7-b22c-a59a18cf1767,serbian,other,domestic,0,0,0,0,0,0,0,0,balanced_agency,first_person,,,0
80ce1aaf-88bd-4a2f-9454-b97cd011547b,serbian,other,domestic,0,0,0,0,0,0,0,0,high_agency,first_person,,,0
f4b7f740-d925-41dc-bbcf-ed8451599c7b,serbian,other,domestic,0,0,0,0,0,0,0,0,balanced_agency,first_person,,,0
4ecd6ff0-adb1-4e31-9ea4-6702e04ab189,serbian,other,domestic,0,0,0,0,0,0,0,0,balanced_agency,first_person,,,0
2e9f6cdf-9ef0-41da-9c16-ce884a6a029f,serbian,other,domestic,0,0,0,0,0,0,0,0,balanced_agency,first_person,,,0
e1ea4bc9-69ea-4c47-b29d-7e58ff88d66e,serbian,other,domestic,0,0,0,0,0,0,0,0,high_agency,first_person,,,0
10892475-7cad-4140-86e0-4a5396dc1a8f,serbian,other,domestic,0,0,0,0,0,0,0,0,balanced_agency,third_person,,,0
5859c365-caa0-45d9-9500-e7ebca358f7d,serbian,other,domestic,0,0,0,0,0,0,0,0,balanced_agency,first_person,,,0
7fe7e05a-dc89-4bc6-a957-0a2f7ffc0b15,serbian,other,domestic,0,0,0,0,0,0,0,0,balanced_agency,first_person,,,0
169a8e2a-fcf8-4db9-8316-5dcb03e565cf,serbian,other,domestic,0,0,0,0,0,0,0,0,balanced_agency,first_person,,,0
db3dd38c-e979-4770-bab2-211843e2e665,serbian,other,domestic,0,0,0,0,0,0,0,0,balanced_agency,third_person,,,0
4d5ccc79-3611-49ec-a8f9-1ca2db93e272,serbian,other,domestic,0,0,0,0,0,0,0,0,balanced_agency,first_person,,,0
22151d4e-c289-4ec2-8133-e6733f3c6826,serbian,other,domestic,0,0,0,0,0,0,0,0,high_agency,first_person,,,0
b95cc007-d466-4128-bca0-2bad71186a0b,serbian,other,natural,1,1,0,0,0,0,0,1,balanced_agency,first_person,,,0
3c822608-db38-4f0d-b7bb-9ce730388993,serbian,other,domestic,0,0,0,0,0,0,0,0,balanced_agency,first_person,,,0
35c41707-0e9a-494a-a687-efff71435311,serbian,other,domestic,0,0,0,0,0,0,0,0,balanced_agency,third_person,,,0
fc479e3a-fee7-4813-938c-60238342ceb7,serbian,other,domestic,0,0,0,0,0,0,0,0,balanced_agency,first_person,,,0
b0543e8a-823c-482d-b69f-40840806ff1e,serbian,other,domestic,0,0,0,0,0,0,0,0,high_agency,first_person,,,0
5605ad38-bf19-4854-b508-94d5137bd19f,serbian,other,domestic,0,0,0,0,0,0,0,0,balanced_agency,third_person,,,0
4f0c56de-c3b9-4492-a969-781b429289aa,serbian,other,domestic,0,0,0,0,0,0,0,0,high_agency,first_person,,,0
9b682acc-ea61-4aa4-b864-eafe277b04eb,serbian,other,domestic,0,0,0,0,0,0,0,0,high_agency,first_person,,,0
228ac08b-cfb6-410b-9124-88dc81f58f1d,serbian,other,domestic,0,0,0,0,0,0,0,0,high_agency,third_person,,,0
e3c43d7f-c70b-426a-ae5a-11fb03601406,serbian,other,domestic,0,0,0,0,0,0,0,0,balanced_agency,first_person,,,0
515a0982-3db1-4ec6-8897-ee515235f3b9,serbian,other,domestic,0,0,0,0,0,0,0,0,balanced_agency,third_person,,,0
0c9688ae-f2ff-4477-92e8-17dc0b134ec4,serbian,other,domestic,0,0,0,0,0,0,0,0,balanced_agency,first_person,,,0
8e0c6f5d-1ccf-4772-8ee1-ccd89414820f,serbian,other,domestic,0,0,0,0,0,0,0,0,balanced_agency,first_person,,,0
ae4508c4-87d4-4e23-bbea-b58a56b0c1b9,serbian,other,domestic,0,0,0,0,0,0,0,0,balanced_agency,first_person,,,0
cf08b50a-d91f-47aa-9017-c50a97a6f99f,serbian,other,domestic,0,0,0,0,0,0,0,0,high_agency,first_person,,,0
30b82e96-5c5e-4d35-83ba-39950762fb0e,serbian,other,domestic,0,0,0,0,0,0,0,0,balanced_agency,first_person,,,0
ccec36a1-dcaa-4764-a0dc-73e5f8ee0d29,serbian,other,domestic,0,0,0,0,0,0,0,0,high_agency,third_person,,,0
99123520-d82f-4c84-8074-4d5af2edd185,serbian,other,domestic,0,0,0,0,0,0,0,0,balanced_agency,first_person,,,0
dbcd4b1a-bd70-4d99-931c-28dff9324af2,serbian,other,domestic,0,0,0,0,0,0,0,0,balanced_agency,first_person,,,0
c4c65ebc-2ee3-45ab-aa61-476b4a82f099,serbian,other,domestic,0,0,0,0,0,0,0,0,balanced_agency,first_person,,,0
6804e3cf-0cc2-47ed-aacf-0417cb8a1ac3,serbian,other,domestic,0,0,0,0,0,0,0,0,balanced_agency,third_person,,,0
6b744813-4de1-4ab4-bcf0-a120b00c6819,serbian,other,domestic,0,0,0,0,0,0,0,0,balanced_agency,third_person,,,0
d883aed4-83c7-4541-95a9-06d244511ced,serbian,other,domestic,0,0,0,0,0,0,0,0,high_agency,first_person,,,0
8ffe1bce-ccc0-4b3a-9f80-c5a538f0e8fc,serbian,other,domestic,0,0,0,0,0,0,0,0,high_agency,third_person,,,0
2e4b0401-2c38-42de-a80a-7ad751419eff,serbian,other,domestic,0,0,0,0,0,0,0,0,balanced_agency,first_person,,,0
e4232943-7c52-43eb-8d4d-c2ff8ca1451c,serbian,other,domestic,0,0,0,0,0,0,0,0,balanced_agency,first_person,,,0
31c0d735-727b-41a4-ab84-8c6e14c7f31b,serbian,other,domestic,0,0,0,0,0,0,0,0,high_agency,first_person,,,0
ec9ca6d6-eb5e-466d-b8ee-25e173493223,serbian,other,domestic,0,0,0,0,0,0,0,0,high_agency,first_person,,,0
5f03135e-da7d-4156-a911-ad49c86bbb0b,slovenian,other,domestic,0,0,0,0,0,0,0,0,balanced_agency,first_person,,,0
27e1523f-66b4-4c9b-9617-5c791e0b9d3d,slovenian,other,domestic,0,0,0,0,0,0,0,0,balanced_agency,first_person,,,0
486fd13d-1bad-4fdd-9b10-a666b41779ec,slovenian,other,domestic,0,0,0,0,0,0,0,0,balanced_agency,first_person,,,0
6e069d7b-473b-4cc0-a578-67e05aee032b,slovenian,other,domestic,0,0,0,0,0,0,0,0,balanced_agency,first_person,,,0
68b21e69-56c7-4bd2-8286-69cba4f52a7a,slovenian,other,domestic,0,0,0,0,0,0,0,0,balanced_agency,first_person,,,0
038b381a-63b0-477f-bee4-8f0f52d039dd,slovenian,other,domestic,0,0,0,0,0,0,0,0,balanced_agency,first_person,,,0
995470d8-a1b5-4a0f-b1a2-c7f80707fc6b,slovenian,other,domestic,0,0,0,0,0,0,0,0,balanced_agency,first_person,,,0
58045240-9df7-49d9-91c6-ffd66697ea6a,slovenian,other,domestic,0,0,0,0,0,0,0,0,balanced_agency,first_person,,,0
c43cdd04-5c9d-4813-bde8-f8c9a2df167e,slovenian,other,domestic,0,0,0,0,0,0,0,0,balanced_agency,first_person,,,0
aa14aec7-3d5f-44bc-96d9-bb18e39b27d9,slovenian,other,domestic,0,0,0,0,0,0,0,0,balanced_agency,first_person,,,0
d3bffd75-bc3a-41c4-a6db-6584c70c60ab,slovenian,other,domestic,0,0,0,0,0,0,0,0,high_agency,first_person,,,0
19a7d8cc-6bc2-473e-8ce8-80724ec493b3,slovenian,other,domestic,0,0,0,0,0,0,0,0,balanced_agency,third_person,,,0
9083668a-0349-4422-94ab-c8c1d2b64921,slovenian,other,domestic,0,0,0,0,0,0,0,0,balanced_agency,first_person,,,0
64db4088-c07d-434f-901b-706695894cc7,slovenian,other,domestic,0,0,0,0,0,0,0,0,high_agency,first_person,,,0
15a5e3a8-a04e-4fea-ac09-a2a3a7222f04,slovenian,other,domestic,0,0,0,0,0,0,0,0,balanced_agency,first_person,,,0
6e7b5616-a0de-4d7e-a3b6-edc2c0be1644,slovenian,other,domestic,0,0,0,0,0,0,0,0,balanced_agency,first_person,,,0
4505465f-400c-4076-9511-2023da46a451,slovenian,other,domestic,0,0,0,0,0,0,0,0,balanced_agency,first_person,,,0
3c58d109-c3e1-4518-a244-08d3c82662ea,slovenian,other,domestic,0,0,0,0,0,0,0,0,balanced_agency,first_person,,,0
1ba8e094-c944-4c15-87f4-74b286c133b3,slovenian,other,domestic,0,0,0,0,0,0,0,0,balanced_agency,first_person,,,0
67fc31cb-f85f-4986-8c44-78380ba16d3b,slovenian,other,domestic,0,0,0,0,0,0,0,0,high_agency,third_person,,,0
92f816cd-2aed-471b-8aa4-2d5331ebbea6,slovenian,other,domestic,0,0,0,0,0,0,0,0,balanced_agency,first_person,,,0
23e8d07a-7799-405d-a050-13d64f232e9f,slovenian,other,domestic,0,0,0,0,0,0,0,0,high_agency,third_person,,,0
741f70eb-6f2e-4d5d-813a-53bf3877d321,slovenian,other,domestic,0,0,0,0,0,0,0,0,balanced_agency,first_person,,,0
e4767fc7-22a1-40f5-89bd-6b2a92cb412a,slovenian,other,domestic,0,0,0,0,0,0,0,0,balanced_agency,first_person,,,0
fbefba26-cdbe-4a25-be5d-e3c39d548884,slovenian,other,domestic,0,0,0,0,0,0,0,0,high_agency,third_person,,,0
3d206feb-b4fa-463a-8223-e5e025d9ddba,slovenian,other,domestic,0,0,0,0,0,0,0,0,balanced_agency,first_person,,,0
ed1dc481-716b-4ca9-aa7c-c103c1eaac31,slovenian,other,domestic,0,0,0,0,0,0,0,0,high_agency,first_person,,,0
fcaaa8bc-0ed4-41fb-b8eb-c68a2427ba2c,slovenian,other,domestic,0,0,0,0,0,0,0,0,high_agency,first_person,,,0
132115ee-b89b-4b0a-887c-50e78f1063ac,slovenian,other,domestic,0,0,0,0,0,0,0,0,balanced_agency,first_person,,,0
f489e4e5-d032-44ac-adbf-08651a3a8165,slovenian,other,domestic,0,0,0,0,0,0,0,0,balanced_agency,first_person,,,0
3c82f36d-c710-4bc5-aafc-648584bc0215,slovenian,other,domestic,0,0,0,0,0,0,0,0,balanced_agency,first_person,,,0
bba44a0e-e807-49a9-808e-38197f71ae8a,slovenian,other,domestic,0,0,0,0,0,0,0,0,balanced_agency,third_person,,,0
d5cc34d8-9e3b-4330-a503-5e5d7efe26ae,slovenian,other,domestic,0,0,0,0,0,0,0,0,balanced_agency,first_person,,,0
31571338-1cfc-4b09-a957-17abf0c31cc6,slovenian,other,domestic,0,0,0,0,0,0,0,0,high_agency,first_person,,,0
9bca5d14-f8ec-4db7-8a7f-6a4d376516d4,slovenian,other,domestic,0,0,0,0,0,0,0,0,balanced_agency,third_person,,,0
ea329a65-0e40-4ed4-b601-c0453bf8fe17,slovenian,other,domestic,0,0,0,0,0,0,0,0,balanced_agency,first_person,,,0
b482a4af-4225-42fc-aa9e-c7fddbefe58b,slovenian,other,domestic,0,0,0,0,0,0,0,0,balanced_agency,first_person,,,0
e31486ef-16e8-443b-86ab-485410b38e62,slovenian,other,natural,1,1,0,0,0,0,0,1,high_agency,third_person,,,0
405f4861-c982-41f3-bb63-3c87d8d84ad7,slovenian,other,domestic,0,0,0,0,0,0,0,0,balanced_agency,first_person,,,0
00e54d61-ae36-48f3-a32f-0e08e4704684,slovenian,other,domestic,0,0,0,0,0,0,0,0,balanced_agency,first_person,,,0
64247576-90e5-48ab-ae0c-3252a21fb684,slovenian,other,domestic,0,0,0,0,0,0,0,0,high_agency,first_person,,,0
2d554085-f310-4a97-9653-16be70544d9a,slovenian,other,domestic,0,0,0,0,0,0,0,0,high_agency,first_person,,,0
9262dca9-65f8-4c21-bdbd-52b5f7e24ed5,slovenian,other,domestic,0,0,0,0,0,0,0,0,high_agency,first_person,,,0
e4d3a21d-5057-4827-86de-8a9289641a56,slovenian,other,domestic,0,0,0,0,0,0,0,0,balanced_agency,first_person,,,0
e0d640ae-d869-4b07-a64a-65461ea4298c,slovenian,other,domestic,0,0,0,0,0,0,0,0,balanced_agency,third_person,,,0
164892ca-c8dc-4970-a5e9-85504313a19e,slovenian,other,domestic,0,0,0,0,0,0,0,0,balanced_agency,third_person,,,0
6c4ef709-2ffc-4d95-8f31-277c5fe46dfd,slovenian,other,domestic,0,0,0,0,0,0,0,0,balanced_agency,first_person,,,0
b0999f66-8f4e-4327-b50a-79dfa4a5ffee,slovenian,other,domestic,0,0,0,0,0,0,0,0,high_agency,first_person,,,0
716058c5-8fea-4697-a9fb-dfbed402972e,slovenian,other,domestic,0,0,0,0,0,0,0,0,high_agency,first_person,,,0
6704834d-c8ee-4dfa-a010-ed694a9dd2b8,slovenian,other,domestic,0,0,0,0,0,0,0,0,balanced_agency,first_person,,,0
7443d4d8-ce53-48f9-95e3-397497b59094,slovenian,other,domestic,0,0,0,0,0,0,0,0,balanced_agency,first_person,,,0
a78da507-a1e6-431f-adfb-a34a8ac67617,slovenian,other,domestic,0,0,0,0,0,0,0,0,balanced_agency,first_person,,,0
3ea796c5-f6b7-43df-8826-cdeef353d5be,slovenian,other,domestic,0,0,0,0,0,0,0,0,balanced_agency,first_person,,,0
323d4783-f1f3-4f18-bfb7-e2dd0d883c84,slovenian,other,domestic,0,0,0,0,0,0,0,0,balanced_agency,third_person,,,0
21425cc1-d557-4a41-a449-df6f9bcacafa,slovenian,other,domestic,0,0,0,0,0,0,0,0,balanced_agency,third_person,,,0
bccc2ee8-e8f7-46bd-9817-fc28ec07c99d,slovenian,other,domestic,0,0,0,0,0,0,0,0,balanced_agency,first_person,,,0
d3f7bf8c-4a13-4522-a712-e314354bfbf3,slovenian,other,domestic,0,0,0,0,0,0,0,0,balanced_agency,first_person,,,0
bfa45d27-ddd6-4ff8-86d1-80c5b4c10187,slovenian,other,domestic,0,0,0,0,0,0,0,0,balanced_agency,first_person,,,0
7edaa2d0-a11b-4897-8de6-b7855c93cdaa,slovenian,other,domestic,0,0,0,0,0,0,0,0,high_agency,first_person,,,0
494e174d-922c-4a81-b415-67afa83b1814,slovenian,other,domestic,0,0,0,0,0,0,0,0,balanced_agency,third_person,,,0
dbddf046-055d-492b-af0d-edf04096d942,slovenian,other,domestic,0,0,0,0,0,0,0,0,high_agency,first_person,,,0
528bdd9c-d810-42b8-9658-c26342faff48,slovenian,other,domestic,0,0,0,0,0,0,0,0,balanced_agency,first_person,,,0
4d811ac3-117f-4193-bd4f-a28a440b0efe,slovenian,other,domestic,0,0,0,0,0,0,0,0,balanced_agency,first_person,,,0
ca676cf0-6f26-4c1c-bdb9-f2880323ba21,slovenian,other,domestic,0,0,0,0,0,0,0,0,balanced_agency,first_person,,,0
dd070014-5d63-40e6-8414-d54fed555b76,slovenian,other,domestic,0,0,0,0,0,0,0,0,balanced_agency,first_person,,,0
f8fabdca-39d0-4cbe-9b58-e62d5cc77150,slovenian,other,domestic,0,0,0,0,0,0,0,0,high_agency,first_person,,,0
7d823e28-4808-41e3-bd66-80466662e6ed,slovenian,other,domestic,0,0,0,0,0,0,0,0,balanced_agency,first_person,,,0
c1c54c24-5952-4631-9da1-697671809454,slovenian,other,domestic,0,0,0,0,0,0,0,0,balanced_agency,first_person,,,0
cf7f1f74-e61b-43c2-8940-7636a069b615,slovenian,other,domestic,0,0,0,0,0,0,0,0,balanced_agency,first_person,,,0
0bf5a4dd-376c-4f29-8b62-f652d15a43ec,slovenian,other,domestic,0,0,0,0,0,0,0,0,balanced_agency,first_person,,,0
8a31f974-76a9-44e2-8a08-9b2bfed93ae0,slovenian,other,domestic,0,0,0,0,0,0,0,0,high_agency,third_person,,,0
60ee79bc-bbcb-4454-a3bd-f1baef84fa5a,slovenian,other,domestic,0,0,0,0,0,0,0,0,balanced_agency,first_person,,,0
8d1f77b9-8f9a-414b-ad52-d69b547e08fd,slovenian,other,domestic,0,0,0,0,0,0,0,0,balanced_agency,first_person,,,0
5d4efd55-9bfc-4e1d-b499-dcbb93aa2123,slovenian,other,domestic,0,0,0,0,0,0,0,0,balanced_agency,first_person,,,0
4a9316ec-b2ed-4a94-acc5-4d8513d47230,slovenian,other,domestic,0,0,0,0,0,0,0,0,balanced_agency,third_person,,,0
98bb661a-7fde-49c8-ba31-1bdbed17bb71,slovenian,other,domestic,0,0,0,0,0,0,0,0,balanced_agency,first_person,,,0
a15008f3-1d89-45c3-aad4-56469c0375d7,slovenian,other,domestic,0,0,0,0,0,0,0,0,balanced_agency,first_person,,,0
c2014e6d-cc2c-4e48-9f4e-1d39ac606fae,slovenian,other,natural,1,1,0,0,0,0,0,1,balanced_agency,first_person,,,0
18dd7e88-cfef-4e95-94f0-272554f357e6,slovenian,other,domestic,0,0,0,0,0,0,0,0,balanced_agency,first_person,,,0
838b800f-5b84-4e97-8b74-e5a2238e891a,slovenian,other,domestic,0,0,0,0,0,0,0,0,balanced_agency,first_person,,,0
cf74f52f-15b8-4637-8d0e-57b56d768d5f,slovenian,other,domestic,0,0,0,0,0,0,0,0,balanced_agency,first_person,,,0
047bbdbe-973e-473d-9a1e-1dcb4dd625bf,slovenian,other,domestic,0,0,0,0,0,0,0,0,high_agency,first_person,,,0
77ad554f-3a49-4815-a136-d478b6c16921,slovenian,other,domestic,0,0,0,0,0,0,0,0,balanced_agency,first_person,,,0
82695c8f-ac6a-4dd7-b01b-354418cc4ffa,slovenian,other,domestic,0,0,0,0,0,0,0,0,balanced_agency,first_person,,,0
49b8980f-b6ec-4b65-9187-21f64e228135,slovenian,other,domestic,0,0,0,0,0,0,0,0,balanced_agency,first_person,,,0
b33fac68-13ba-4a12-af7b-096f9a9dba1c,slovenian,other,domestic,0,0,0,0,0,0,0,0,balanced_agency,first_person,,,0
c1d596c2-fd04-4f43-a678-e5fe2c36f611,slovenian,other,natural,1,1,0,0,0,0,0,1,high_agency,third_person,,,0
d4926b74-63fd-40a9-a6dd-fc91f1fa5c70,slovenian,other,domestic,0,0,0,0,0,0,0,0,balanced_agency,first_person,,,0
43fd6218-956f-4742-8259-48845ef53514,slovenian,other,domestic,0,0,0,0,0,0,0,0,balanced_agency,first_person,,,0
a0648833-9100-44e4-a220-144d461419ee,slovenian,other,domestic,0,0,0,0,0,0,0,0,high_agency,third_person,,,0
5cdccef0-6bdd-4d9d-83c4-917aaef2990c,slovenian,other,domestic,0,0,0,0,0,0,0,0,balanced_agency,first_person,,,0
5bea9c5e-3765-4859-bd61-156f5c483989,slovenian,other,domestic,0,0,0,0,0,0,0,0,balanced_agency,first_person,,,0
84c4393d-791f-4059-acfa-12959224cb3e,slovenian,other,domestic,0,0,0,0,0,0,0,0,balanced_agency,first_person,,,0
b4847553-4dde-4fb4-af92-6ef6d2125bf6,slovenian,other,domestic,0,0,0,0,0,0,0,0,balanced_agency,first_person,,,0
33759cbf-39e9-4875-bd68-64bc8bc77b36,slovenian,other,domestic,0,0,0,0,0,0,0,0,balanced_agency,first_person,,,0
4fcfe0d7-d0a2-4a96-a58f-c713f0ad4d39,slovenian,other,domestic,0,0,0,0,0,0,0,0,balanced_agency,first_person,,,0
a8af3a99-6397-4ea9-bd55-fc83cad1963a,slovenian,other,domestic,0,0,0,0,0,0,0,0,balanced_agency,first_person,,,0
1de274f9-29b4-428d-a72b-aa0b993b759e,slovenian,other,domestic,0,0,0,0,0,0,0,0,high_agency,first_person,,,0
55621721-2e68-4923-a207-1c5b014de9ed,slovenian,other,domestic,0,0,0,0,0,0,0,0,balanced_agency,third_person,,,0
7972e46a-6fb9-4bf1-b9a8-65d765f7cccd,slovenian,other,domestic,0,0,0,0,0,0,0,0,balanced_agency,first_person,,,0
