call_id,batch_id,user_id,timestamp,language,language_code,script,model,temperature,top_p,presence_penalty,frequency_penalty,base_prompt,modified_prompt,prompt_id,marker_info,used_invisible_markers,dream_number,batch_size,dream,status,duration_seconds,temporal_delay_seconds,start_time,end_time,session_id,temporal_dispersion,session_independence
54998a2a-8138-4662-8883-b2d9f95ff518,30b445dc-ca3e-4c47-b846-95b74b574727,eb9183bf-a4a0-40d7-87d7-bd6df64f6e3d_55966,2025-06-25T15:03:43.392736,serbian,sr,Cyrillic,gpt-4o,0.8,1.0,0.1,0.0,Završi: Sinoć sam sanjao…,Završi: Sinoć sam sanjao…,9368d1f9,none,False,1,50,"Sinoć sam sanjao da sam se našao u čarobnoj šumi, gdje su stabla bila visoka i prekrivena sjajnim lišćem koje je svjetlucalo na mjesečini. Zrak je bio ispunjen mirisom cvijeća i zvukovima nježnog povjetarca. Hodao sam stazom koja je vodila do prekrasnog jezera, čija je površina bila mirna poput zrcala. Oko mene su lepršali svjetlosni leptiri, a iz daljine se čula melodija koja je bila i poznata i strana. Osjećao sam se smireno i sretno, kao da sam pronašao skriveni kutak svijeta u kojem je sve moguće.",success,8.467,0.0,2025-06-25T15:03:34.926155,2025-06-25T15:03:43.392701,20250625_150334,0,True
fd1f9086-d7c1-462d-a5da-c142c14a0eb7,30b445dc-ca3e-4c47-b846-95b74b574727,0e2aa6cb-b232-4cd1-b7a7-67f8d1f6ef95_65988,2025-06-25T15:03:49.882634,serbian,sr,Cyrillic,gpt-4o,0.8,1.0,0.1,0.0,Završi: Sinoć sam sanjao…,Završi:‌ Sinoć sam sanjao…,0383104f,marker_4_middle,True,2,50,"Sinoć sam sanjao kako šetam kroz zlatno polje suncokreta, a sunce lagano zalazi na horizontu. Nebo je bilo prošarano nijansama ružičaste i narančaste, dok je povjetarac nježno mrsio latice cvijeća. U daljini sam začuo zvukove smijeha i muzike, pa sam krenuo prema izvoru tog veselja. Kada sam stigao, zatekao sam prijatelje iz djetinjstva, veselo okupljene oko logorske vatre, pričajući priče i dijeleći uspomene. Osjećao sam se ispunjeno i sretno, kao da sam pronašao komadić izgubljenog vremena.",success,4.603,0.0,2025-06-25T15:03:45.280037,2025-06-25T15:03:49.882612,20250625_150334,0,True
05b4c864-0e4a-4135-9b32-edeb3a2b6bf3,30b445dc-ca3e-4c47-b846-95b74b574727,51b60eb6-70a6-4800-b1c1-7da6e38b7165_41646,2025-06-25T15:03:59.010070,serbian,sr,Cyrillic,gpt-4o,0.8,1.0,0.1,0.0,Završi: Sinoć sam sanjao…,Završi:⁠ Sinoć sam sanjao…,ed5f837c,marker_2_middle,True,3,50,"da hodam kroz predivan, zeleni vrt prepun raznobojnog cvijeća. Sunce je lagano zalazilo na horizontu, obasjavajući sve toplom, zlatnom svjetlošću. Zrak je bio ispunjen ugodnim mirisima i svježinom proljetnog povjetarca. Dok sam hodao stazom, iznenada sam se našao pred kristalno čistim jezerom, u kojem su plivali šareni riblji jata. Na drugoj strani jezera primijetio sam malenu klupu pod starim drvetom. Sjeo sam, osjećajući mir i spokoj koji me ispunjavaju. Taj trenutak bio je savršen, kao da je sve na svom mjestu, i osjetio sam duboku zahvalnost za ljepotu koja me okružuje.",success,7.239,0.0,2025-06-25T15:03:51.770894,2025-06-25T15:03:59.010047,20250625_150334,0,True
304481ba-73cc-4b95-a37c-db3157e03e0e,30b445dc-ca3e-4c47-b846-95b74b574727,80870d39-08bd-4f64-86d4-8a3a05c973e0_72328,2025-06-25T15:04:07.632930,serbian,sr,Cyrillic,gpt-4o,0.8,1.0,0.1,0.0,Završi: Sinoć sam sanjao…,Završi: Sinoć sam sanjao…,fbd102a9,none,False,4,50,"Sinoć sam sanjao da sam se našao na predivnoj plaži, gdje je sunce polako zalazilo i bojilo nebo u nijanse ružičaste i narančaste. More je bilo mirno, a valovi su nježno zapljuskivali obalu. U daljini sam vidio jedrilice kako klize po vodi, i mogao sam osjetiti miris soli u zraku. Na plaži su bila rasprostrta raznobojna ležaljka, a ljudi su se smijali i uživali u zadnjim zrakama sunca. Osjećao sam se potpuno opušteno i sretno, kao da sve brige i problemi nestaju s povjetarcem. Taj san mi je donio osjećaj mira koji sam dugo tražio.",success,6.191,0.0,2025-06-25T15:04:01.441734,2025-06-25T15:04:07.632906,20250625_150334,0,True
9c84b408-3d6d-4265-ab62-fc8775b4a88d,30b445dc-ca3e-4c47-b846-95b74b574727,d27b0928-393b-4d6f-a741-7874c8ccfb5a_82790,2025-06-25T15:04:15.256241,serbian,sr,Cyrillic,gpt-4o,0.8,1.0,0.1,0.0,Završi: Sinoć sam sanjao…,Završi: Sinoć sam sanjao…,41bc34d9,none,False,5,50,"Sinoć sam sanjao da sam hodao kroz čarobnu šumu prepunu svetlucavih stabala i cvetova koji su pevali melodije vetra. Dok sam koračao, naišao sam na most od oblaka koji je vodio do dvorca na nebu. U dvorcu su živela stvorenja iz bajki, a svako od njih imalo je priču koju je želelo da podeli. U tom svetu sve je bilo moguće, a osećaj slobode i radosti bio je neizreciv. Probudio sam se s osmehom, pokušavajući da zadržim delić tog začaranog sveta u sećanju.",success,5.544,0.0,2025-06-25T15:04:09.712178,2025-06-25T15:04:15.256217,20250625_150334,0,True
c4e9824c-a21c-43ab-b3a8-4853377b5e6c,30b445dc-ca3e-4c47-b846-95b74b574727,1e921a01-bfe1-416a-a010-716d08f9ee81_76597,2025-06-25T15:04:24.728604,serbian,sr,Cyrillic,gpt-4o,0.8,1.0,0.1,0.0,Završi: Sinoć sam sanjao…,Završi: Sinoć sam sanjao…,847fb51c,none,False,6,50,"da sam hodao po beskrajnoj plaži, gdje se more spajalo s nebom u spektakularnim nijansama plave i zlatne boje. U daljini su galebovi kružili iznad horizonta, dok sam ja koračao po mekanom pijesku, osjećajući toplinu ispod nogu. Osjećaj mira i slobode bio je tako stvaran da sam poželio da taj trenutak traje zauvijek. Kako sam dalje hodao, naišao sam na malo drvo koje je raslo na rubu obale, a njegove grane su se nježno njihale na povjetarcu. Zastao sam da se divim njegovoj ljepoti, razmišljajući o tome kako i najmanji detalji mogu donijeti radost.",success,7.466,0.0,2025-06-25T15:04:17.262570,2025-06-25T15:04:24.728579,20250625_150334,0,True
0cc11eb1-0075-43c8-8fd2-e96d948f9c5a,30b445dc-ca3e-4c47-b846-95b74b574727,948ff884-97ce-421b-93e0-8fb70453370d_86698,2025-06-25T15:04:31.978820,serbian,sr,Cyrillic,gpt-4o,0.8,1.0,0.1,0.0,Završi: Sinoć sam sanjao…,​Završi: Sinoć sam sanjao…,a1a2cefe,marker_1_prefix,True,7,50,"da sam leteo iznad grada, osećajući vetar u kosi i slobodu koja nema granica. Ulice su bile osvetljene hiljadama svetiljki, a ljudi su se kretali kao mravi ispod mene, nesvesni mojih avantura iznad njih. Proleteo sam pored visokih zgrada, kroz oblake, gde je sve bilo mirno i tiho. Osetio sam kako me ispunjava osećaj radosti i bezbrižnosti, kao da su sve brige ostale daleko iza mene. Taj san me podsetio na to koliko je važno zadržati veru u svoje snove i težiti visinama.",success,5.473,0.0,2025-06-25T15:04:26.505304,2025-06-25T15:04:31.978800,20250625_150334,0,True
bac8177a-9f3b-4e28-982a-d112dc31377f,30b445dc-ca3e-4c47-b846-95b74b574727,b09b9cae-1def-45f6-acec-38ff2ceb3206_59765,2025-06-25T15:04:37.495107,serbian,sr,Cyrillic,gpt-4o,0.8,1.0,0.1,0.0,Završi: Sinoć sam sanjao…,Završi: Sinoć sam sanjao…,82198d13,none,False,8,50,"da letim iznad beskrajnih zelenih polja dok me prati blagi povjetarac. Sunce je polako zalazilo na horizontu, obasjavajući krajolik toplim zlatnim svjetlom. U daljini sam vidio rijeku koja se presijavala pod svjetlom mjeseca, a oko mene su se pojavile ptice koje su pjevale najljepšu melodiju. Osjećao sam se slobodno i ispunjeno, kao da nema granica niti prepreka. Bilo je to iskustvo koje nisam želio završiti.",success,3.529,0.0,2025-06-25T15:04:33.966002,2025-06-25T15:04:37.495053,20250625_150334,0,True
51018f47-96f5-4062-885b-4383926ba3ea,30b445dc-ca3e-4c47-b846-95b74b574727,63405c64-93bd-432d-a96c-a695803b79d9_57292,2025-06-25T15:04:44.322677,serbian,sr,Cyrillic,gpt-4o,0.8,1.0,0.1,0.0,Završi: Sinoć sam sanjao…,Završi: Sinoć sam sanjao…,4727bf87,none,False,9,50,"Sinoć sam sanjao da sam se našao na predivnoj plaži, gdje su valovi nježno dodirivali obalu, a sunce je zalazilo stvarajući čarobne nijanse narančaste i ružičaste na horizontu. Dok sam hodao po mekome pijesku, primijetio sam nekoliko školjki koje su svjetlucale na mjesečini. Oko mene su bili dragi prijatelji, s kojima sam se smijao i razgovarao do kasno u noć. Osjećaj mira i sreće bio je tako stvaran da sam, probudivši se, poželio da se taj san nikada ne završi.",success,3.956,0.0,2025-06-25T15:04:40.366425,2025-06-25T15:04:44.322606,20250625_150334,0,True
8a13d3fa-5633-4a31-a448-bde99b68ded1,30b445dc-ca3e-4c47-b846-95b74b574727,c1f4a3e9-8b1f-4693-a791-fd5bd0bf90fd_92085,2025-06-25T15:04:55.049574,serbian,sr,Cyrillic,gpt-4o,0.8,1.0,0.1,0.0,Završi: Sinoć sam sanjao…,Završi: Sinoć sam sanjao…,152fddac,none,False,10,50,"da sam hodao po obali mora dok je sunce zalazilo na horizontu. Nebo je bilo oslikano prekrasnim nijansama narančaste, ružičaste i zlatne boje, a lagani povjetarac milovao je moje lice. Valovi su nježno zapljuskivali obalu, stvarajući umirujući zvuk koji je ispunjavao zrak.

Dok sam hodao, susreo sam starog prijatelja kojeg nisam vidio godinama. Sjedili smo na pijesku, prisjećajući se starih vremena i smijali se našim avanturama iz djetinjstva. Bilo je to kao da su svi problemi i brige nestali, ostavljajući samo osjećaj mira i sreće.

Kako je san dalje tekao, našao sam se u prelijepom vrtu punom raznobojnog cvijeća i mirisa koji su ispunjavali zrak. Osjetio sam duboku povezanost s prirodom i unutarnji mir koji me obuzeo. Bilo je to iskustvo koje je ispunilo moje srce radošću i zahvalnošću.

Probudivši se, osjećaj sreće još je uvijek bio prisutan, a misao na taj san ostavila mi je osmijeh na licu cijeli dan.",success,8.565,0.0,2025-06-25T15:04:46.484181,2025-06-25T15:04:55.049523,20250625_150334,0,True
1af80a53-87be-434d-882b-522b2b5e63f4,30b445dc-ca3e-4c47-b846-95b74b574727,fd8ac41f-a894-485f-94fb-d662056184b5_61952,2025-06-25T15:05:01.978523,serbian,sr,Cyrillic,gpt-4o,0.8,1.0,0.1,0.0,Završi: Sinoć sam sanjao…,Završi: Sinoć sam sanjao…,816b434e,none,False,11,50,"Sinoć sam sanjao da sam se našao na prostranom cvetnom polju, obasjanom blagim svetlom zalazećeg sunca. Vetar je nežno nosio miris lavande, a u daljini sam mogao videti planine obavijene maglom. Dok sam hodao kroz to polje, sretao sam ljude koje nisam godinama video, prijatelje iz detinjstva i drage osobe koje su davno otišle. Razgovarali smo, smejali se i prisećali se starih vremena, kao da nijedno vreme nije prošlo. Bilo je to mesto gde su brige nestajale, a sreća je bila opipljiva. Probudio sam se ispunjen mirom, želeći da zadržim u sebi taj osećaj što duže.",success,4.55,0.0,2025-06-25T15:04:57.428149,2025-06-25T15:05:01.978498,20250625_150334,0,True
fea70012-2a2b-4ebc-afe5-d58dc15be321,30b445dc-ca3e-4c47-b846-95b74b574727,8dbb2e6c-d562-41c4-9e59-77b21cc39185_66819,2025-06-25T15:05:09.472295,serbian,sr,Cyrillic,gpt-4o,0.8,1.0,0.1,0.0,Završi: Sinoć sam sanjao…,Završi: Sinoć sam sanjao…,710847b4,none,False,12,50,"Sinoć sam sanjao da sam na predivnoj plaži okružen kristalno čistim morem. Sunce je zalazilo, bojajući nebo u nijanse ružičaste i narančaste. Kako sam hodao po toplom pijesku, osjetio sam lagani povjetarac koji je nosio miris soli i borova. Oko mene su bile prijatelji i obitelj, svi sretni i nasmijani, uživajući u trenutku. U daljini je svirao bend i njihova glazba ispunjavala je zrak, stvarajući savršenu atmosferu. Bilo je to mjesto gdje su se brige činile dalekima, a sreća je bila opipljiva. Taj osjećaj mira i ispunjenosti nosio sam sa sobom kad sam se probudio.",success,4.739,0.0,2025-06-25T15:05:04.732794,2025-06-25T15:05:09.472266,20250625_150334,0,True
eeee1085-116c-4b45-a3b2-6868f6dfd5e4,30b445dc-ca3e-4c47-b846-95b74b574727,8e6a1a3f-de6c-42ff-8d17-c7a48f8a66ac_28627,2025-06-25T15:05:19.111750,serbian,sr,Cyrillic,gpt-4o,0.8,1.0,0.1,0.0,Završi: Sinoć sam sanjao…,Završi: Sinoć sam sanjao…,465cffc7,none,False,13,50,"Sinoć sam sanjao da sam hodao kroz beskrajan vrt, prepun raznobojnog cveća koje se njihalo na blagom povetarcu. Nebo je bilo vedro, a sunčevi zraci su obasjavali svaki kutak tog čarobnog mesta. U daljini sam ugledao staru klupu pored kristalno čistog jezera. Seo sam i posmatrao kako labudovi mirno klize po vodi, osećajući se potpuno spokojno i srećno. Na trenutak, činilo se kao da je vreme stalo i da sam deo nečega većeg, nečeg što me ispunjava dubokim mirom i radošću.",success,7.731,0.0,2025-06-25T15:05:11.381086,2025-06-25T15:05:19.111713,20250625_150334,0,True
daf6ff00-0016-4a44-ae63-3c27939aa04d,30b445dc-ca3e-4c47-b846-95b74b574727,0ec59234-0a32-4dfe-b6c3-f761a20096d2_31461,2025-06-25T15:05:27.729673,serbian,sr,Cyrillic,gpt-4o,0.8,1.0,0.1,0.0,Završi: Sinoć sam sanjao…,Završi: Sinoć sam sanjao…,b5443244,none,False,14,50,"Sinoć sam sanjao da sam se šetao kroz čarobnu šumu, ispunjenu drvećem koje je sijalo mekanim, zlatnim svetlom. Vazduh je bio ispunjen nežnom muzikom i svuda oko mene lepršali su šareni leptiri. Dok sam koračao dalje, naišao sam na mirno jezero koje je reflektovalo zvezdano nebo, i na njegovoj obali stajao je stari prijatelj kojeg nisam video godinama. Razgovarali smo satima, prisećajući se starih vremena i smejali se kao da godine nisu prošle. Taj osećaj radosti i nostalgije bio je toliko jak da sam se probudio s osmehom na licu, zahvalan za uspomene i prijateljstva koja traju bez obzira na vreme i udaljenost.",success,6.077,0.0,2025-06-25T15:05:21.652373,2025-06-25T15:05:27.729542,20250625_150334,0,True
171d4ad9-84a6-4bc4-b4c2-10b692c6092b,30b445dc-ca3e-4c47-b846-95b74b574727,4d2e487d-1e7f-4bb2-b5a6-7aa8b4f53cc7_48307,2025-06-25T15:05:39.520512,serbian,sr,Cyrillic,gpt-4o,0.8,1.0,0.1,0.0,Završi: Sinoć sam sanjao…,Završi: Sinoć sam sanjao…,5825be77,none,False,15,50,"da sam leteo iznad beskrajnih polja lavande, a miris cveća me obuzimao i ispunjavao spokojem. Dok sam se spuštao ka zemlji, primetio sam prijatelje kako me čekaju pored reke, smejući se i mašući mi. Seli smo zajedno na obalu, razmenjujući priče i smeh, dok je sunce polako zalazilo na horizontu, ostavljajući za sobom zlatne tragove na vodi. Taj osećaj sreće i zajedništva bio je toliko stvaran da sam se probudio s osmehom na licu.",success,9.74,0.0,2025-06-25T15:05:29.780085,2025-06-25T15:05:39.520460,20250625_150334,0,True
349a7799-afe1-44b3-8cc9-8c840bcc199c,30b445dc-ca3e-4c47-b846-95b74b574727,77acd770-deed-4634-9675-b11e783a7107_33971,2025-06-25T15:05:48.648209,serbian,sr,Cyrillic,gpt-4o,0.8,1.0,0.1,0.0,Završi: Sinoć sam sanjao…,Završi: Sinoć sam sanjao…,a77805b6,none,False,16,50,"Sinoć sam sanjao da sam hodao kroz predivnu šumu obasjanu mjesečinom. Drveće je bilo visoko i gusto, a svjetlost mjeseca stvarala je čarobne sjene na stazi kojom sam prolazio. Osjećao sam mir i spokoj, dok su se lagani povjetarac i šum lišća skladno stapali s melodijom cvrčaka. U daljini sam ugledao malu kolibu s upaljenim svjetlom u prozoru. Primamila me toplina koja je iz nje isijavala, pa sam se uputio prema njoj. Kad sam se približio, vrata su se polako otvorila i unutar kolibe ugledao sam drage prijatelje i obitelj kako me veselo dočekuju. Bio je to san ispunjen srećom i spokojem, osjećaj koji me pratio čak i nakon buđenja.",success,6.31,0.0,2025-06-25T15:05:42.337820,2025-06-25T15:05:48.648124,20250625_150334,0,True
bc8f473c-88c0-4e89-8df9-f4e695189e79,30b445dc-ca3e-4c47-b846-95b74b574727,8d0d2317-7509-4b7a-9ff4-d1c4dfe49f5d_77763,2025-06-25T15:05:55.227733,serbian,sr,Cyrillic,gpt-4o,0.8,1.0,0.1,0.0,Završi: Sinoć sam sanjao…,Završi: Sinoć sam sanjao…,68e81e11,none,False,17,50,"Sinoć sam sanjao kako šetam kroz predivnu šumu obasjanu mjesečinom. Drveće je bilo visoko i gusto, a zvukovi noćnih ptica i šuštanje lišća stvarali su opuštajuću melodiju. Putem sam naišao na čarobno jezero čija je površina blistala poput zrcala. Dok sam promatrao taj prizor, osjetio sam mir i spokoj koji su me ispunili osjećajem sreće. Bio je to san koji me podsjetio na ljepotu prirode i važnost trenutaka tišine i introspekcije.",success,4.02,0.0,2025-06-25T15:05:51.207864,2025-06-25T15:05:55.227686,20250625_150334,0,True
8f4becc1-7814-4c79-857f-b60682a919fa,30b445dc-ca3e-4c47-b846-95b74b574727,3a31602c-6b29-4b25-b828-2c094778b7b9_13043,2025-06-25T15:06:02.047925,serbian,sr,Cyrillic,gpt-4o,0.8,1.0,0.1,0.0,Završi: Sinoć sam sanjao…,Završi: Sinoć sam sanjao…,2e059c72,none,False,18,50,"Sinoć sam sanjao da sam hodao po beskrajnom polju prepunom cveća. Nebo je bilo vedro, a sunce je sijalo toplim zracima. Vetar je nežno nosio miris lavande i ruža, dok su ptice pevale najlepše melodije. Činilo se kao da vreme stoji, i svaki trenutak bio je ispunjen mirom i srećom. U daljini sam ugledao staru drvenu kuću, i čim sam joj prišao, vrata su se otvorila sama od sebe, pozivajući me unutra...",success,4.036,0.0,2025-06-25T15:05:58.011468,2025-06-25T15:06:02.047853,20250625_150334,0,True
521234bf-615a-4ee3-8af8-cfabd889d63c,30b445dc-ca3e-4c47-b846-95b74b574727,1114d6eb-7b5f-4313-a187-00a741182eef_30657,2025-06-25T15:06:11.416788,serbian,sr,Cyrillic,gpt-4o,0.8,1.0,0.1,0.0,Završi: Sinoć sam sanjao…,Završi: Sinoć sam sanjao…,90181a93,none,False,19,50,"Sinoć sam sanjao da sam šetao kroz čarobnu šumu, ispunjenu svjetlucavim svjetiljkama i neobičnim stvorenjima. Drveće je bilo visoko i šareno, a lišće je šuštalo melodiju koju nikada prije nisam čuo. Na proplanku sam sreo starog mudraca s duhom lisice koji mi je ponudio čaj od biljaka koje rastu samo u snovima. Razgovarali smo o tajnama svemira i životnim putovanjima. Kad sam se probudio, ostao je osjećaj mira i spoznaje da je svaki san prilika za novo otkriće.",success,7.486,0.0,2025-06-25T15:06:03.930297,2025-06-25T15:06:11.416761,20250625_150334,0,True
ec85392e-d07c-4700-9f21-20e408ca2263,30b445dc-ca3e-4c47-b846-95b74b574727,123713a5-6b10-4951-bf65-a65130dbc29f_79405,2025-06-25T15:06:19.500817,serbian,sr,Cyrillic,gpt-4o,0.8,1.0,0.1,0.0,Završi: Sinoć sam sanjao…,Završi:<!-- --> Sinoć sam sanjao…,529592e8,marker_0_middle,True,20,50,"da hodam kroz čarobnu šumu obasjanu mjesečinom. Drveće je blistalo u srebrnim nijansama, a zrak je bio ispunjen mirisom svježe kiše i cvjetova koji su svjetlucali kao zvijezde. Na mom putu sreo sam neobična stvorenja, prijateljski raspoložene vile i mudrog starog vuka koji me pratio i pričao priče o drevnim vremenima. Na kraju šume stigao sam do kristalnog jezera, gdje su se valovi nježno razbijali o obalu, šapćući tajne koje sam jedva mogao razumjeti. Probudio sam se s osjećajem spokojstva, kao da sam dodirnuo djelić nečega čarobnog i zaboravljenog u stvarnom svijetu.",success,6.4,0.0,2025-06-25T15:06:13.100290,2025-06-25T15:06:19.500741,20250625_150334,0,True
523293c0-eb64-43e1-892d-40357d67334e,30b445dc-ca3e-4c47-b846-95b74b574727,27d63bcc-c466-4a3f-b60b-c3424745a26d_27090,2025-06-25T15:06:26.290424,serbian,sr,Cyrillic,gpt-4o,0.8,1.0,0.1,0.0,Završi: Sinoć sam sanjao…,Završi: Sinoć sam sanjao…,937b721c,none,False,21,50,"Sinoć sam sanjao da sam se našao na predivnoj livadi prekrivenoj šarenim cvijećem. Nebo je bilo vedro, a sunce je sijalo toplom svjetlošću. U daljini se čuo smijeh i glasovi prijatelja koje odavno nisam vidio. Osjećao sam se sretno i spokojno, kao da su svi moji problemi nestali u tom trenutku. Dok sam hodao kroz livadu, primijetio sam malu rijeku koja je tiho žuborila i pružala osjećaj smirenosti. Sve je izgledalo tako stvarno da sam poželio da taj trenutak traje vječno.",success,5.026,0.0,2025-06-25T15:06:21.062515,2025-06-25T15:06:26.088021,20250625_150334,0,True
25b01bff-fea6-4acf-a036-fbf81583247c,30b445dc-ca3e-4c47-b846-95b74b574727,8b39a719-700e-4e41-800f-8acfe3f772aa_13060,2025-06-25T15:06:35.269233,serbian,sr,Cyrillic,gpt-4o,0.8,1.0,0.1,0.0,Završi: Sinoć sam sanjao…,Završi: Sinoć sam sanjao…,883f20c7,none,False,22,50,"Sinoć sam sanjao da sam se našao na prelepom proplanku prepunom cveća i mirisa koji su ispunjavali vazduh. Nebo je bilo kristalno plavo, a sunčevi zraci su nežno grejali moju kožu. Oko mene su se lepršavo kretale šarene leptirice, dok su ptice pevale najlepše melodije. U daljini se mogla videti planina prekrivena snegom, koja je svojim vrhovima doticala oblake. Osećao sam se spokojno i slobodno, kao da je svaki deo svemira bio u savršenom skladu. U tom trenutku, shvatio sam kako je važno ceniti male stvari u životu i tražiti lepotu u svakom danu. Taj san je bio poput nežnog podsetnika da se sreća nalazi u jednostavnim trenucima oko nas.",success,6.739,0.0,2025-06-25T15:06:28.530677,2025-06-25T15:06:35.269179,20250625_150334,0,True
808694e6-32fe-41e6-931a-4b8589844be4,30b445dc-ca3e-4c47-b846-95b74b574727,748d4640-df35-47c0-97ea-cd0c7d7e1f63_47396,2025-06-25T15:06:43.934800,serbian,sr,Cyrillic,gpt-4o,0.8,1.0,0.1,0.0,Završi: Sinoć sam sanjao…,Završi: Sinoć sam sanjao…,a531121e,none,False,23,50,"Sinoć sam sanjao da sam šetao kroz beskrajni vrt prepun mirisnog cveća i raznobojnih leptira. Nebo je bilo vedro, a sunce je obasjavalo sve oko mene toplom svetlošću. Na jednom proplanku ugledao sam staru klupu, a pored nje je tekao mali potok. Seo sam, slušajući zvuk vode dok sam osećao blagi povetarac na licu. Tada je pored mene prošao prijatelj koga dugo nisam video, nasmejan i pun energije, i zajedno smo proveli vreme prisećajući se starih dogodovština i smejali se kao nekad. Bilo je to kao da smo se vratili u bezbrižne dane iz detinjstva, kada su svi snovi izgledali mogući i svet bio pun čuda.",success,7.04,0.0,2025-06-25T15:06:36.894373,2025-06-25T15:06:43.934719,20250625_150334,0,True
aa681409-34fa-49f2-8ae5-5d0a740d7304,30b445dc-ca3e-4c47-b846-95b74b574727,653e0253-bfca-47fe-be1a-44a9ef120e9d_24426,2025-06-25T15:06:53.064995,serbian,sr,Cyrillic,gpt-4o,0.8,1.0,0.1,0.0,Završi: Sinoć sam sanjao…,Završi: Sinoć sam sanjao…,5365c02f,none,False,24,50,"Sinoć sam sanjao da sam se našao na predivnoj livadi prepunoj šarenog cveća. Nebo je bilo vedro, a sunce je nežno grejalo. Osećao sam mir i sreću dok sam šetao kroz visoku travu. U daljini sam ugledao stari drveni most koji je vodio preko bistre reke. Kada sam prešao most, sreo sam prijatelje koje dugo nisam video, i zajedno smo se smejali i pričali satima. Probudivši se, osećao sam spokoj i zadovoljstvo, kao da sam poneo deo tog sna sa sobom u stvarni svet.",success,6.565,0.0,2025-06-25T15:06:46.499469,2025-06-25T15:06:53.064953,20250625_150334,0,True
a55c9740-528b-4e0f-94c0-e7ac425931be,30b445dc-ca3e-4c47-b846-95b74b574727,e687e255-587c-43fb-9254-33b1361598fa_56304,2025-06-25T15:06:59.310712,serbian,sr,Cyrillic,gpt-4o,0.8,1.0,0.1,0.0,Završi: Sinoć sam sanjao…,Završi: Sinoć sam sanjao…,974c2277,none,False,25,50,"da šetam po beskrajnom polju lavande, dok se miris cvetova meša sa svežinom povetarca. Nebo je bilo ispunjeno toplim bojama zalaska sunca, a ptice su pevale neku tihu melodiju. U daljini sam primetio staru kamenu kuću, obraslu bršljanom i cvećem. Dok sam joj prilazio, vrata su se polako otvorila, a unutra me dočekao osećaj mira i spokoja. Sve je bilo savršeno, kao da sam pronašao mesto gde svi snovi postaju stvarnost.",success,4.009,0.0,2025-06-25T15:06:55.301416,2025-06-25T15:06:59.310275,20250625_150334,0,True
ee7f2a60-214c-482a-8d34-42e472e7b296,30b445dc-ca3e-4c47-b846-95b74b574727,af88b159-ce36-4c9f-8dc4-b299970bb065_52881,2025-06-25T15:07:06.871774,serbian,sr,Cyrillic,gpt-4o,0.8,1.0,0.1,0.0,Završi: Sinoć sam sanjao…,Završi: Sinoć sam sanjao…,7d00fd9f,none,False,26,50,"Sinoć sam sanjao da sam u predivnom vrtu ispunjenom raznobojnim cvijećem i mirisnim biljem. Nebo je bilo vedro, a sunčeve zrake su nježno grijale zemlju. Dok sam šetao stazama, osjetio sam nevjerojatan osjećaj mira i sreće. U daljini sam ugledao staru drvenu klupu ispod raskošnog stabla, i kad sam sjeo, ptice su počele pjevati najljepšu melodiju. Bilo je to mjesto gdje su svi moji problemi nestali, a osjećaj slobode bio je neizmjeran.",success,5.506,0.0,2025-06-25T15:07:01.365481,2025-06-25T15:07:06.871720,20250625_150334,0,True
627908e6-dc9e-411b-b342-b522d6af8f51,30b445dc-ca3e-4c47-b846-95b74b574727,acba41ec-9c3d-4b91-b932-50fab5396940_20443,2025-06-25T15:07:13.915190,serbian,sr,Cyrillic,gpt-4o,0.8,1.0,0.1,0.0,Završi: Sinoć sam sanjao…,⁠Završi: Sinoć sam sanjao…,a7274d88,marker_2_prefix,True,27,50,"Sinoć sam sanjao da sam šetao kroz predivnu šumu, obasjanu mjesečinom. Drveće je šuštalo na laganom povjetarcu, a negdje u daljini čuo se zvuk potoka koji je žuborio preko kamenja. Našao sam se na maloj čistini, gdje su se svici okupili, plešući svoj svjetlosni ples. Osjećao sam mir i sreću, kao da je svaka briga nestala u tom čarobnom prizoru. Probudio sam se s osjećajem smirenosti, noseći sa sobom taj trenutak spokojstva u novi dan.",success,4.696,0.0,2025-06-25T15:07:09.218949,2025-06-25T15:07:13.915164,20250625_150334,0,True
bda68f60-f2bf-4744-a927-330b43c7eea1,30b445dc-ca3e-4c47-b846-95b74b574727,b42396cd-a7bc-451c-8abf-92abb2c48170_63480,2025-06-25T15:07:20.863160,serbian,sr,Cyrillic,gpt-4o,0.8,1.0,0.1,0.0,Završi: Sinoć sam sanjao…,Završi: Sinoć sam sanjao…,c1bde960,none,False,28,50,"da hodam kroz čarobnu šumu obasjanu mjesečinom. Drveće je bilo prekriveno svjetlucavim lišćem koje je šuštalo na blagom povjetarcu, a staze su bile posute svjetlucavim prahom. U daljini sam čuo melodičan zvuk rijeke koja je tekla, a negdje blizu cvrkutali su neobični, šareni ptice. Dok sam hodao dalje, susreo sam mudrog starca koji mi je ponudio da ispunim jednu želju. Probudio sam se trenutak prije nego što sam mogao odgovoriti, no osjećaj čarolije i dalje je bio prisutan.",success,4.601,0.0,2025-06-25T15:07:16.261978,2025-06-25T15:07:20.863125,20250625_150334,0,True
602e2a08-fa06-4eac-aee8-6147667e3c6c,30b445dc-ca3e-4c47-b846-95b74b574727,b807728a-2c1d-4302-9bba-7d46a01fd4c0_41007,2025-06-25T15:07:29.228930,serbian,sr,Cyrillic,gpt-4o,0.8,1.0,0.1,0.0,Završi: Sinoć sam sanjao…,Završi: Sinoć sam sanjao…,4c184e68,none,False,29,50,"Sinoć sam sanjao da sam hodao kroz gustu šumu prepunu visokih, zelenih stabala. Sunčeva svetlost probijala se kroz krošnje stvarajući zlatne uzorke na zemlji. U daljini sam začuo žubor potoka, a ptice su veselo pevale svoje pesme. Dok sam išao dalje, naišao sam na malu čistinu gde su se nalazile prelepe, šarene cveće koje su mirisale opojno. Osećao sam se spokojno i slobodno, kao da sam deo tog čarobnog prirodnog sveta. Sve je bilo savršeno uravnoteženo i ispunjavalo me osećajem dubokog mira i radosti.",success,5.874,0.0,2025-06-25T15:07:23.354690,2025-06-25T15:07:29.228402,20250625_150334,0,True
3dec24fa-3e31-4661-b445-06faf3d8da99,30b445dc-ca3e-4c47-b846-95b74b574727,3d866fa5-1763-426f-a5e6-84138d45de81_20468,2025-06-25T15:07:37.813777,serbian,sr,Cyrillic,gpt-4o,0.8,1.0,0.1,0.0,Završi: Sinoć sam sanjao…,Završi: Sinoć sam sanjao…,502b3be2,none,False,30,50,"Sinoć sam sanjao da sam se našao u prelepom, čarobnom vrtu ispunjenom cvetovima svih boja i mirisa. Nebo je bilo prekriveno zvezdama koje su svetlucale poput dijamanata, a u pozadini se čula tiha melodija vetra koji je blago ljuljao grane drveća. Osećao sam mir i sreću dok sam hodao stazama ovog magičnog mesta, susrećući se sa raznim životinjama koje su delovale prijateljski i radoznalo. Na kraju vrta video sam stari drveni most koji je vodio do predivnog jezera obasjanog mesečinom. Stao sam na most i zagledao se u sopstveni odraz u vodi, osećajući se potpuno spokojno i zadovoljno.",success,6.333,0.0,2025-06-25T15:07:31.480756,2025-06-25T15:07:37.813743,20250625_150334,0,True
df15f07c-f2a8-4cb2-87db-4354a922f7b8,30b445dc-ca3e-4c47-b846-95b74b574727,7745406e-f8bc-4319-8fb5-789f94984d6e_44628,2025-06-25T15:07:45.580707,serbian,sr,Cyrillic,gpt-4o,0.8,1.0,0.1,0.0,Završi: Sinoć sam sanjao…,Završi: Sinoć sam sanjao…‌,c9f466b4,marker_4_suffix,True,31,50,"Sinoć sam sanjao kako hodam kroz gustu šumu obasjanu mesečinom. Drveće je bilo visoko i granje se savijalo pod blagim vetrom. Negde u daljini čuo sam umirujući zvuk potoka, a između senki nazirao sam obrise životinja koje su prolazile tiho poput duhova. Kako sam nastavljao dalje, naišao sam na malu čistinu, gde je stajala stara drvena klupa. Seo sam i gledao u zvezdano nebo, osećajući se potpuno spokojno. Sve je delovalo tako stvarno, a opet magično, kao da sam zakoračio u neki skriveni svet snova koji čeka da bude istražen.",success,5.659,0.0,2025-06-25T15:07:39.921321,2025-06-25T15:07:45.580680,20250625_150334,0,True
56250688-77af-41ac-975f-bdc86c275bb4,30b445dc-ca3e-4c47-b846-95b74b574727,e534bfeb-3719-4852-8cfd-c84f1e2918f4_16959,2025-06-25T15:07:54.016884,serbian,sr,Cyrillic,gpt-4o,0.8,1.0,0.1,0.0,Završi: Sinoć sam sanjao…,Završi: Sinoć sam sanjao…,36432a15,none,False,32,50,"Sinoć sam sanjao da sam se našao na prekrasnoj plaži, gdje je pijesak bio svilenkast i more nevjerojatno bistro. Sunce je polako zalazilo, bojeći nebo u spektar narančastih i ljubičastih tonova. Dok sam hodao uz obalu, osjetio sam povjetarac koji je nosio miris soli i morskih algi. U daljini sam vidio skupinu dupina kako veselo skaču iz vode. Bilo je to iskustvo ispunjeno mirom i srećom, kao da je sve bilo na svom mjestu.",success,6.553,0.0,2025-06-25T15:07:47.462640,2025-06-25T15:07:54.015952,20250625_150334,0,True
47f5e502-423c-49ef-a1ba-652059f42a7a,30b445dc-ca3e-4c47-b846-95b74b574727,c8e59de3-8497-48c2-902f-007124f60939_23096,2025-06-25T15:08:00.123666,serbian,sr,Cyrillic,gpt-4o,0.8,1.0,0.1,0.0,Završi: Sinoć sam sanjao…,Završi: Sinoć sam sanjao…,e780f1e9,none,False,33,50,"Sinoć sam sanjao kako šetam kroz predivnu šumu prepunu visokog drveća čije krošnje dodiruju nebo. Sunčeva svetlost probijala se kroz lišće, stvarajući zlatne pruge na stazi kojom sam hodao. Ptice su pevale veselu melodiju, a blagi povetarac nosio je miris cvetova. Odjednom, naišao sam na proplanak gde su se okupili svi moji prijatelji i porodica, smejali smo se i razgovarali kao da nismo proveli ni minut razdvojeni. Osećaj sreće i ispunjenosti bio je toliko stvaran da sam se probudio s osmehom na licu.",success,3.675,0.0,2025-06-25T15:07:56.444500,2025-06-25T15:08:00.119491,20250625_150334,0,True
2d4b479f-035d-4138-a569-2a1a3d5fd13c,30b445dc-ca3e-4c47-b846-95b74b574727,2d192f1a-5810-4011-a2a9-60136cf14f80_66826,2025-06-25T15:08:06.140166,serbian,sr,Cyrillic,gpt-4o,0.8,1.0,0.1,0.0,Završi: Sinoć sam sanjao…,Završi: Sinoć sam sanjao…,c8062e4a,none,False,34,50,"Sinoć sam sanjao kako hodam kroz predivnu šumu, okružen gustim drvećem i mirisnim cvijećem. Sunčeve zrake probijale su se kroz krošnje, stvarajući čarobnu igru svjetlosti i sjene na tlu. Dok sam hodao, osjećao sam se potpuno smireno i povezano s prirodom. Na kraju šumskog puta, stigao sam do kristalno čistog jezera koje je reflektiralo nebo poput ogledala. Sjedeći na obali, osjećao sam kako me ispunjava osjećaj slobode i sreće.",success,4.065,0.0,2025-06-25T15:08:02.074238,2025-06-25T15:08:06.139386,20250625_150334,0,True
7c3bded5-92bb-483e-9370-bd49460c6526,30b445dc-ca3e-4c47-b846-95b74b574727,6bcf8d7a-275d-49d9-b1da-37037d2e6a68_18232,2025-06-25T15:08:13.729059,serbian,sr,Cyrillic,gpt-4o,0.8,1.0,0.1,0.0,Završi: Sinoć sam sanjao…,Završi:﻿ Sinoć sam sanjao…,4cf5c93c,marker_3_middle,True,35,50,"Sinoć sam sanjao da sam se našao na plaži obasjanoj mesečinom. More je bilo mirno, a zvuk talasa stvarao je umirujuću melodiju koja je ispunjavala noć. Hodao sam bosi po pesku, osećajući kako mi se stopala lagano utapaju u toplotu zemlje. U daljini, siluete palmi povijale su se na vetru, a iznad mene, zvezde su sijale jače nego ikad. Bio sam potpuno opušten, slobodan od svakodnevnih briga, osećajući se kao da sam deo tog beskrajnog horizonta. U tom trenutku, sve se činilo mogućim, a svaka misao bila je obojena nadom i spokojem.",success,4.586,0.0,2025-06-25T15:08:09.142780,2025-06-25T15:08:13.729028,20250625_150334,0,True
1d8e69f3-c2c7-463d-b2a4-d30785682782,30b445dc-ca3e-4c47-b846-95b74b574727,21d2894c-5d82-456c-b896-329334fbc914_25776,2025-06-25T15:08:20.942972,serbian,sr,Cyrillic,gpt-4o,0.8,1.0,0.1,0.0,Završi: Sinoć sam sanjao…,Završi: Sinoć sam sanjao…,c1cb3e9f,none,False,36,50,"Sinoć sam sanjao da sam hodao kroz predivnu šumu, okružen visokim stablima koja su šumila na blagom povjetarcu. Sunčeve zrake probijale su se kroz krošnje, stvarajući čarobne uzorke svjetlosti na tlu. U daljini sam začuo žubor potoka i krenuo prema njemu. Kad sam stigao, ugledao sam mostić od drvenih dasaka, prekriven mahovinom. Prešao sam preko mosta i našao se na cvjetnoj livadi, gdje me dočekao miris divljih cvjetova. Na sredini livade stajao je stari hrast, a pod njim klupa. Sjeo sam i osjetio duboki mir i sreću, kao da sam pronašao posebno mjesto koje postoji samo u snovima.",success,5.477,0.0,2025-06-25T15:08:15.466076,2025-06-25T15:08:20.942912,20250625_150334,0,True
2544b717-d11b-4815-b0a3-8b63affdbec0,30b445dc-ca3e-4c47-b846-95b74b574727,a9033a33-8e3c-4b84-a093-231efc9bde9b_86761,2025-06-25T15:08:31.913239,serbian,sr,Cyrillic,gpt-4o,0.8,1.0,0.1,0.0,Završi: Sinoć sam sanjao…,Završi: Sinoć sam sanjao…,c6fc8dd0,none,False,37,50,"Sinoć sam sanjao da hodam po beskrajnom polju cvijeća, obasjanom zlatnim zrakama zalazećeg sunca. Svaki cvijet šapće svoju tajnu na vjetru, a miris koji ispunjava zrak je poput slatke melodije koja umiruje dušu. U daljini se nazire stari drveni most koji vodi preko bistre rijeke, a s druge strane, na obzoru, nazire se mali, slikoviti dvorac. Dok hodam prema mostu, osjećam neobičnu lakoću i slobodu, kao da sam dio tog savršenog krajolika. Svaki korak donosi novi osjećaj radosti i mira, a dok prelazim most, osjećam kako me obuzima nevjerojatna sreća. S druge strane rijeke, dvorac me dočekuje otvorenih vrata, pozivajući me da istražim njegove tajne. Unutra, svaka soba krije novi svijet, svaka priča ispričana bojama i svjetlom. U tom trenutku, shvaćam da sanjam, ali ne želim se probuditi, jer ovaj svijet snova je mjesto gdje se sve moje želje i nade pretvaraju u stvarnost.",success,8.768,0.0,2025-06-25T15:08:23.145126,2025-06-25T15:08:31.913070,20250625_150334,0,True
0e585755-bd6f-4dcf-bcef-6964b65ca7bb,30b445dc-ca3e-4c47-b846-95b74b574727,0f2f6519-7be1-48ba-9eb5-dd31534deedd_63832,2025-06-25T15:08:42.317066,serbian,sr,Cyrillic,gpt-4o,0.8,1.0,0.1,0.0,Završi: Sinoć sam sanjao…,​Završi: Sinoć sam sanjao…,0271b3e5,marker_1_prefix,True,38,50,"Sinoć sam sanjao da sam šetao po predivnom cvjetnom polju, gdje su boje bile življe nego ikad prije. Nebo je bilo bistro plavo, a sunce je nježno grijalo moju kožu. Cvijeće je mirisalo toliko intenzivno da sam mogao osjetiti svaku notu njegovog mirisa. Dok sam hodao, ugledao sam drvo sa zlatnim lišćem, koje je svjetlucalo na suncu. Prišao sam mu bliže i osjetio nevjerojatni mir i spokoj. Bilo je to mjesto gdje su nestajale sve moje brige i gdje sam se osjećao potpuno slobodno. Taj san me ispunio srećom i dao mi novu energiju za dan koji slijedi.",success,7.863,0.0,2025-06-25T15:08:34.453608,2025-06-25T15:08:42.316705,20250625_150334,0,True
caebb8b7-5e41-4eb0-832a-33b8b2a98867,30b445dc-ca3e-4c47-b846-95b74b574727,66d43ba1-ff42-4624-ae1c-f691d0e475c4_33298,2025-06-25T15:08:50.555553,serbian,sr,Cyrillic,gpt-4o,0.8,1.0,0.1,0.0,Završi: Sinoć sam sanjao…,Završi: Sinoć sam sanjao…,00337de0,none,False,39,50,"Sinoć sam sanjao da sam hodao po beskonačnom polju prepunom cveća, dok je nebo bilo ukrašeno zvezdama koje su svetlucale poput malih lampiona. Vetar je tiho šaputao kroz grane drveća, stvarajući melodiju koja je pratila svaki moj korak. U daljini se nazirao dvorac obasjan mesečinom, a osećaj mira i slobode ispunjavao je svaki deo mog bića. Bio je to san u kojem je sve bilo moguće, gde su granice stvarnosti nestajale i ostavljale mesto samo čaroliji trenutka.",success,6.152,0.0,2025-06-25T15:08:44.404000,2025-06-25T15:08:50.555514,20250625_150334,0,True
b5995efd-a432-4373-8139-cbe8f3691b7f,30b445dc-ca3e-4c47-b846-95b74b574727,ca995e26-d9df-438e-8c4b-6004626fb1c0_42856,2025-06-25T15:09:01.631022,serbian,sr,Cyrillic,gpt-4o,0.8,1.0,0.1,0.0,Završi: Sinoć sam sanjao…,Završi: Sinoć sam sanjao…,e43636df,none,False,40,50,"Sinoć sam sanjao da sam se našao na predivnoj livadi prepunoj šarenog cveća. Nebo je bilo čisto i plavo, a sunce je blago grejalo, stvarajući savršen osećaj mira i sreće. U daljini sam video planine prekrivene snegom, a pored mene je tekao bistri potok čija je voda žuboreći stvarala umirujuću melodiju. Oko mene su lepršali leptiri, a povetarac je donosio miris svežeg cveća. Dok sam hodao kroz ovu idiličnu scenu, susreo sam prijatelje koje dugo nisam video i zajedno smo se smejali i pričali kao da vreme nije prošlo. Taj san me ispunio osećajem radosti i nostalgije, i probudio sam se sa osmehom na licu, zahvalan na tom trenutku sreće koji sam doživeo, makar samo u snu.",success,8.264,0.0,2025-06-25T15:08:53.367271,2025-06-25T15:09:01.630991,20250625_150334,0,True
67cb5ed5-54c7-4200-af86-5635883e78f6,30b445dc-ca3e-4c47-b846-95b74b574727,6505a954-ff0c-4cde-aaec-a942d69f0d59_70727,2025-06-25T15:09:07.885833,serbian,sr,Cyrillic,gpt-4o,0.8,1.0,0.1,0.0,Završi: Sinoć sam sanjao…,Završi: Sinoć sam sanjao…,b6f99979,none,False,41,50,"da letim iznad grada, osjećajući vjetar kako mi prolazi kroz kosu. Ispod mene su svjetla treperila poput zvijezda, a sve brige i stresovi nestali su u tom beskrajnom plavetnilu. Osjećao sam se slobodno i lagano, kao da ne postoji ništa što me može zaustaviti. Taj osjećaj slobode bio je tako stvaran, kao da sam se na trenutak odvojio od svih tegoba svakodnevnog života. Kad sam se probudio, zadržao sam taj osjećaj još nekoliko trenutaka, pitajući se što bi bilo da možemo zauvijek ostati u takvim snovima.",success,4.294,0.0,2025-06-25T15:09:03.591612,2025-06-25T15:09:07.885777,20250625_150334,0,True
322e799c-4747-42e4-9a2d-9a8d0e7cdae5,30b445dc-ca3e-4c47-b846-95b74b574727,a2337f5f-7406-4ec1-92b9-394781f119fb_45791,2025-06-25T15:09:15.857434,serbian,sr,Cyrillic,gpt-4o,0.8,1.0,0.1,0.0,Završi: Sinoć sam sanjao…,Završi: Sinoć sam sanjao…,0a64c176,none,False,42,50,"Sinoć sam sanjao da sam hodao kroz predivnu šumu, ispunjenu visokim drvećem koje je pružalo hladovinu i šuštalo na blagom povjetarcu. Sunčeva svjetlost probijala se kroz krošnje, stvarajući prekrasne uzorke svjetla i sjene po tlu. Dok sam hodao, naišao sam na proplanak s poljem prepunim cvijeća svih boja. U daljini sam vidio maleni potočić koji je veselo žuborio i stvorio osjećaj potpune harmonije. Susreo sam nekoliko životinja koje su mi prišle bez straha, kao da smo stari prijatelji. Osjećao sam se spokojno i sretno, kao da sam pronašao svoje mjesto mira.",success,6.174,0.0,2025-06-25T15:09:09.683106,2025-06-25T15:09:15.857410,20250625_150334,0,True
26fb9592-28a0-43cc-8e9f-999ab7171719,30b445dc-ca3e-4c47-b846-95b74b574727,f589d638-26f0-45ee-b8d0-efd52554e7f2_64192,2025-06-25T15:09:23.337519,serbian,sr,Cyrillic,gpt-4o,0.8,1.0,0.1,0.0,Završi: Sinoć sam sanjao…,Završi: Sinoć sam sanjao…,99204017,none,False,43,50,"Sinoć sam sanjao kako hodam kroz predivnu šumu, obasjanu mjesečinom. Drveće je bilo visoko i gusto, a lišće je šuštalo na povjetarcu. Dok sam hodao, susreo sam mnoge životinje koje su mi se prijateljski približavale. U daljini sam začuo zvukove rijeke, pa sam krenuo prema njima. Kad sam stigao, zatekao sam vodopad koji je svjetlucao pod mjesečinom, stvarajući čaroliju svjetlosti i sjene. Osećao sam se mirno i spokojno, kao da sam pronašao skrivenu oazu, mesto gde vreme stoji i gde su snovi stvarnost.",success,5.112,0.0,2025-06-25T15:09:18.225617,2025-06-25T15:09:23.337494,20250625_150334,0,True
b9954fdd-7527-49b5-963f-c2481c860d43,30b445dc-ca3e-4c47-b846-95b74b574727,345342c2-e733-4f07-b44f-a469692a62c8_13862,2025-06-25T15:09:32.701236,serbian,sr,Cyrillic,gpt-4o,0.8,1.0,0.1,0.0,Završi: Sinoć sam sanjao…,Završi: Sinoć sam sanjao…,e8ec1fb8,none,False,44,50,"Sinoć sam sanjao da sam se našao na predivnoj livadi prekrivenoj cvetovima, a iznad mene je nebo bilo ispunjeno zvezdama koje su svetlucale poput dragulja. U daljini sam čuo nežnu melodiju vetra koji je nežno šuštao kroz grane drveća. Dok sam hodao kroz travu, osetio sam miris slobode i spokojstva, kao da sam u nekom magičnom svetu gde je sve moguće. U tom snu sam susreo stare prijatelje i smejali smo se kao nekad, bez ikakvih briga ili strahova. Bilo je to iskustvo koje mi je donelo osećaj sreće i nade, koje je ostalo sa mnom i nakon buđenja, podsećajući me da su snovi često odraz naših najdubljih želja i osećanja.",success,6.771,0.0,2025-06-25T15:09:25.930047,2025-06-25T15:09:32.701198,20250625_150334,0,True
0ce6dfc2-0db6-46bf-b5cc-c9859d67ab67,30b445dc-ca3e-4c47-b846-95b74b574727,24e0f1e9-4974-4bc2-9aa6-7f2042c280ce_87998,2025-06-25T15:09:40.100805,serbian,sr,Cyrillic,gpt-4o,0.8,1.0,0.1,0.0,Završi: Sinoć sam sanjao…,Završi: Sinoć sam sanjao…,1124587e,none,False,45,50,"Sinoć sam sanjao kako se šetam kroz beskrajno polje prekriveno cvetovima. Nebo je bilo obojeno toplim nijansama zalazećeg sunca, a lagani povetarac je nosio miris lavande. Dok sam hodao, nailazio sam na stare prijatelje s kojima sam se radosno smejao i razgovarao. Osjećaj bezbrižnosti i sreće ispunjavao je svaki trenutak, a čitav svet je delovao kao mesto gde su sve brige nestale. Bilo je to kao da sam uronio u neki savršeni trenutak, gde su svi snovi postali stvarnost.",success,5.083,0.0,2025-06-25T15:09:35.017744,2025-06-25T15:09:40.100780,20250625_150334,0,True
8ef52efe-a9bc-4c87-98db-6ef06ccf102e,30b445dc-ca3e-4c47-b846-95b74b574727,c7a97a04-df72-48a6-94a7-6781261dd782_12916,2025-06-25T15:09:47.635643,serbian,sr,Cyrillic,gpt-4o,0.8,1.0,0.1,0.0,Završi: Sinoć sam sanjao…,Završi: Sinoć sam sanjao…,1c0c9b00,none,False,46,50,"Sinoć sam sanjao da sam hodao kroz prekrasnu livadu prepunu cvijeća. Zrak je bio svjež i mirisan, a sunce je nježno grijalo moju kožu. Čuo sam zvuk potoka u blizini, a ptice su cvrkutale iznad mene. Dok sam šetao, osjećao sam se potpuno mirno i sretno, kao da su svi moji problemi nestali. Na kraju livade ugledao sam staro drvo s ljuljačkom. Sjeo sam na ljuljačku i pustio da me povjetarac lagano njiše naprijed-natrag. Bilo je to iskustvo ispunjeno nevjerojatnim mirom i radošću, kao da sam pronašao svoje posebno mjesto u svijetu. Sve je bilo tako živopisno i stvarno, da sam se probudio s osmijehom na licu, želeći da taj san nikad ne završi.",success,4.834,0.0,2025-06-25T15:09:42.801779,2025-06-25T15:09:47.635621,20250625_150334,0,True
710c6a17-7d38-4f8e-8191-24b1d1044a10,30b445dc-ca3e-4c47-b846-95b74b574727,0a7791ff-9c8c-4c79-8390-77b6f52bc426_11510,2025-06-25T15:09:57.998965,serbian,sr,Cyrillic,gpt-4o,0.8,1.0,0.1,0.0,Završi: Sinoć sam sanjao…,﻿Završi: Sinoć sam sanjao…,581bef80,marker_3_prefix,True,47,50,"Sinoć sam sanjao kako hodam kroz prekrasnu šumu obasjanu mjesečinom. Drveće je bilo visoko i vijugavo, a lišće je šuštalo na blagom povjetarcu. Osjećao sam mir i spokoj dok sam koračao stazom koja se činila beskrajnom. U daljini sam začuo zvukove potoka, a kad sam stigao do njega, voda je bila bistra i hladna. Na obali potoka sjedila je starica s toplim osmijehom i ponudila mi šalicu mirisnog biljnog čaja. Dok smo razgovarali, shvatio sam da mi prenosi mudrost generacija, govoreći o važnosti trenutaka, ljubavi i povezanosti s prirodom. Probudivši se, osjećao sam se ispunjeno i nadahnuto, kao da sam ponio dio te čarolije sa sobom u stvarni svijet.",success,8.08,0.0,2025-06-25T15:09:49.918643,2025-06-25T15:09:57.998937,20250625_150334,0,True
fb511bd9-e70a-4479-8382-86b3897c187a,30b445dc-ca3e-4c47-b846-95b74b574727,31f25da0-0b45-4de3-adbf-0b285a28f3b3_69151,2025-06-25T15:10:05.823158,serbian,sr,Cyrillic,gpt-4o,0.8,1.0,0.1,0.0,Završi: Sinoć sam sanjao…,Završi: Sinoć sam sanjao…,bbfbaa38,none,False,48,50,"Sinoć sam sanjao da sam se našao u predivnom vrtu prepunom raznobojnog cveća i voćki koje nikada ranije nisam video. Sunčeva svetlost je bila mekana i topla, a vazduh je bio ispunjen mirisom proleća. Dok sam hodao stazom od mekog mahovine, susreo sam prijatelje iz detinjstva, svi nasmejani i bezbrižni. Na kraju vrta nalazio se stari drvored, a iza njega predivno jezero koje je blistalo kao ogledalo. Kraj jezera stajala je mala drvena čamčica, kao poziv da otplovim dalje u nepoznato. Taj san me ispunio mirom i srećom, i probudio sam se sa osećajem zahvalnosti.",success,4.893,0.0,2025-06-25T15:10:00.929798,2025-06-25T15:10:05.823116,20250625_150334,0,True
4e8ac79f-ccc0-42b8-8556-dc1cd00e3546,30b445dc-ca3e-4c47-b846-95b74b574727,f52304b2-f8b7-4c57-abe5-fe0e07af6ad5_92325,2025-06-25T15:10:14.188901,serbian,sr,Cyrillic,gpt-4o,0.8,1.0,0.1,0.0,Završi: Sinoć sam sanjao…,Završi: Sinoć sam sanjao…,84368363,none,False,49,50,"Sinoć sam sanjao da sam šetao kroz prelijepu šumu obasjanu mjesečinom. Drveće je bilo visoko i impozantno, a povjetarac je nježno šaputao kroz lišće. Dok sam hodao, naišao sam na staru drvenu klupu pored mirnog jezera. Sjeo sam, a voda je nježno mreškala, stvarajući umirujuće zvukove. Odjednom se na površini jezera pojavila svjetlost i iz nje su izašle divne slike prošlih uspomena, ispunjavajući me osjećajem mira i sreće. Taj san se činio kao da traje vječnost, a kad sam se probudio, osjećao sam se obnovljeno i inspirirano za novi dan.",success,6.216,0.0,2025-06-25T15:10:07.972567,2025-06-25T15:10:14.188851,20250625_150334,0,True
8489a8dd-03c0-4941-9328-ebc9853cf7c3,30b445dc-ca3e-4c47-b846-95b74b574727,5d737234-c4d6-4e28-bc41-f22083c18c39_41600,2025-06-25T15:10:20.772693,serbian,sr,Cyrillic,gpt-4o,0.8,1.0,0.1,0.0,Završi: Sinoć sam sanjao…,Završi: Sinoć sam sanjao…,5625c232,none,False,50,50,"Sinoć sam sanjao kako šetam kroz predivnu šumu prepunu visokih stabala i raznobojnog cveća. Sunčevi zraci su se probijali kroz krošnje, stvarajući čarobne igre svetlosti na tlu. Na jednom proplanku, susreo sam starog prijatelja koga dugo nisam video. Razgovarali smo i smejali se kao nekada, osećajući se bezbrižno i srećno. Dok je povetarac nosio miris borovine, shvatio sam koliko su takvi trenuci dragoceni i kako ih treba ceniti. Probudio sam se sa osmehom, osećajući zahvalnost za sve ljude i trenutke koji mi ispunjavaju život.",success,4.759,0.0,2025-06-25T15:10:16.013481,2025-06-25T15:10:20.772662,20250625_150334,0,True
d033fd15-ae46-4a35-9659-8d049768682b,04eef5a9-50d1-4c69-8180-bd8b092adb36,52f84a54-7e93-488d-b9f1-4ce5913cc83d_59894,2025-06-25T15:10:25.618509,serbian,sr,Cyrillic,gpt-4o,0.8,1.0,0.1,0.0,Završi: Sinoć sam sanjao…,Završi: Sinoć sam sanjao…,93f6c08c,none,False,1,50,"Sinoć sam sanjao čaroban vrt prepun raznobojnog cveća koje je blistalo pod mesečevom svetlošću. Dok sam hodao kroz taj vrt, susreo sam neobične životinje koje su govorile ljudskim glasom i pričale mi o dalekim zemljama i avanturama. Na kraju vrta nalazila se stara kamena fontana iz koje je izvirala voda koja je reflektovala slike iz moje prošlosti. Osećao sam se spokojno i ispunjeno, kao da sam pronašao skriveni deo sveta kome zaista pripadam.",success,4.825,0.0,2025-06-25T15:10:20.793580,2025-06-25T15:10:25.618111,20250625_150334,0,True
eb551428-e539-4ed0-80a3-993591d651d6,04eef5a9-50d1-4c69-8180-bd8b092adb36,6cea2087-0f27-481d-9336-e4cf87996909_47374,2025-06-25T15:10:31.394052,serbian,sr,Cyrillic,gpt-4o,0.8,1.0,0.1,0.0,Završi: Sinoć sam sanjao…,‌Završi: Sinoć sam sanjao…,23545d04,marker_4_prefix,True,2,50,"da letim iznad grada, slobodan kao ptica. Vetar mi je milovao lice dok sam prelazio iznad visokih zgrada, posmatrajući svetla koja su se presijavala kao zvezde. U daljini sam video reku koja je izgledala kao srebrna traka i pratio njen tok sve do horizonta. Osećao sam se ispunjeno i smireno, kao da sam deo nečeg većeg, nečeg što je uvek bilo tu, u meni.",success,3.624,0.0,2025-06-25T15:10:27.769568,2025-06-25T15:10:31.393992,20250625_150334,0,True
c0800a80-25b8-441c-9849-a4c13cc6a7b6,04eef5a9-50d1-4c69-8180-bd8b092adb36,3a9599b2-f54b-42ef-89af-1083b1c9ed84_17890,2025-06-25T15:10:39.210651,serbian,sr,Cyrillic,gpt-4o,0.8,1.0,0.1,0.0,Završi: Sinoć sam sanjao…,Završi: Sinoć sam sanjao…,d168d139,none,False,3,50,"da sam hodao po obali beskrajnog mora, dok su valovi nježno zapljuskivali moje bose noge. Nebo je bilo ispunjeno zvijezdama koje su svijetlile jače nego ikada prije, a mjesec je bacao srebrnu svjetlost na površinu vode. U daljini sam ugledao svjetionik čija je svjetlost pulsirala u ritmu mojih koraka. Osjećao sam mir i slobodu, kao da sam pronašao svoje mjesto u univerzumu. Kako sam hodao dalje, počeo sam primjećivati obrise poznatih lica u pijesku, svaka figura pričala je svoju priču koja je bila dio mene. Svaki korak donosio je nova sjećanja, a svaki val otkrivao skrivena osjećanja. Probudio sam se s osjećajem zahvalnosti i dubokog razumijevanja za sve što imam u životu.",success,6.14,0.0,2025-06-25T15:10:33.070465,2025-06-25T15:10:39.210585,20250625_150334,0,True
c3c4af46-a78f-43c2-bfcf-b59afb6870ad,04eef5a9-50d1-4c69-8180-bd8b092adb36,2351a4c4-54e7-4eaa-8660-1054c4f908f8_92624,2025-06-25T15:10:44.454501,serbian,sr,Cyrillic,gpt-4o,0.8,1.0,0.1,0.0,Završi: Sinoć sam sanjao…,Završi: Sinoć sam sanjao…,25cb65c3,none,False,4,50,"Sinoć sam sanjao kako šetam kroz predivnu šumu obasjanu mjesečinom. Drveće je bilo visoko i gusto, a lišće je šuštalo pod laganim povjetarcem. Osjećao sam se mirno i spokojno, kao da sam našao svoje mjesto u tom čarobnom krajoliku. Odjednom, ispred mene se pojavila staza koja je vodila prema malenom jezercu. Voda je blistala pod mjesečevim svjetlom, a na površini su se presijavale zlatne niti kao da je netko posuo prah zvijezda. Sjeo sam na obalu i promatrao taj čarobni prizor, osjećajući kako me ispunjava duboki osjećaj sreće i ispunjenja.",success,3.513,0.0,2025-06-25T15:10:40.941555,2025-06-25T15:10:44.454458,20250625_150334,0,True
67c20f2b-1b08-4e4b-b9e0-aeeaf93b329d,04eef5a9-50d1-4c69-8180-bd8b092adb36,34cadd68-01c9-4478-9553-c6be51494706_33894,2025-06-25T15:10:51.271432,serbian,sr,Cyrillic,gpt-4o,0.8,1.0,0.1,0.0,Završi: Sinoć sam sanjao…,Završi: Sinoć sam sanjao…,c090343b,none,False,5,50,"Sinoć sam sanjao da sam hodao kroz maglovitu šumu, ispunjenu visokim drvećem koje se protezalo ka nebu. Svaki moj korak izazivao je lagano šuštanje lišća pod nogama. U daljini sam začuo melodiju koja je kao da me zvala. Prateći zvuk, stigao sam do proplanka obasjanog mesečinom, gde se nalazio stari, drveni klavir. Kad sam seo i pritisnuo prve dirke, čitava šuma počela je da svetluca, a iz krošnji su se pojavile svetlucave siluete koje su plesale u ritmu muzike. Osećao sam mir i sreću, kao da sam pronašao svoje mesto u tom čarobnom svetu.",success,4.62,0.0,2025-06-25T15:10:46.650070,2025-06-25T15:10:51.269991,20250625_150334,0,True
bc0847fa-42d6-44b4-8be9-2fb5308ba277,04eef5a9-50d1-4c69-8180-bd8b092adb36,ab558078-834f-4de5-b981-9230e21f9269_36562,2025-06-25T15:11:01.629317,serbian,sr,Cyrillic,gpt-4o,0.8,1.0,0.1,0.0,Završi: Sinoć sam sanjao…,﻿Završi: Sinoć sam sanjao…,9940e8e4,marker_3_prefix,True,6,50,"da sam šetao obalom mora, gdje su talasi nježno zapljuskivali pijesak pod mojim stopalima. Nebo je bilo posuto zvijezdama, a mjesec je obasjavao put kojim sam hodao. U daljini sam vidio svjetionik čija je svjetlost povremeno presijecala tamu. Dok sam se približavao, osjetio sam miris soli u vazduhu i čuo šum mora koji me umirivao. Odjednom, iznenada se pojavila figura koja mi je bila dobro poznata, ali nisam mogao da se sjetim ko je to bio. Prišla mi je s osmijehom i pružila ruku, a ja sam osjetio toplinu i mir, kao da sam se vratio kući. Probudio sam se s osjećajem spokojstva, pitajući se šta taj san znači i koga sam to sretao na toj čarobnoj obali.",success,7.822,0.0,2025-06-25T15:10:53.807141,2025-06-25T15:11:01.628925,20250625_150334,0,True
543ca89d-4346-4253-b135-d1e08aed932e,04eef5a9-50d1-4c69-8180-bd8b092adb36,d5ee1816-cec8-48c1-bb10-28cf41c50208_87446,2025-06-25T15:11:07.952781,serbian,sr,Cyrillic,gpt-4o,0.8,1.0,0.1,0.0,Završi: Sinoć sam sanjao…,Završi: Sinoć sam sanjao…,6d748986,none,False,7,50,"Sinoć sam sanjao da šetam kroz predivnu, cvjetnu livadu obasjanu zlatnim zalaskom sunca. Zrak je bio ispunjen mirisom svježe trave i cvijeća, a lagani povjetarac milovao je moje lice. U daljini sam ugledao rijeku koja se blago ljeskala pod sunčevim zrakama, a uz obalu su plesali leptiri šarenih krila. Osjećao sam se mirno i sretno, kao da sam pronašao skriveni kutak svijeta koji pripada samo meni. Bio je to san koji nisam želio da završi, san koji mi je donio osjećaj ispunjenosti i radosti.",success,4.17,0.0,2025-06-25T15:11:03.783041,2025-06-25T15:11:07.952756,20250625_150334,0,True
74562a41-b123-43bc-b5cf-6c9f7d43b203,04eef5a9-50d1-4c69-8180-bd8b092adb36,0436eb97-fbe0-4c58-8c18-caa2f1b5644c_43559,2025-06-25T15:11:16.621114,serbian,sr,Cyrillic,gpt-4o,0.8,1.0,0.1,0.0,Završi: Sinoć sam sanjao…,Završi: Sinoć sam sanjao…,7a053769,none,False,8,50,"Sinoć sam sanjao kako sam hodao kroz čarobnu šumu prepunu svjetlucavih svjetlosnih kuglica koje su lepršale oko mene. Drveće je bilo visoko, s lišćem koje je mijenjalo boje u ritmu laganog vjetra. U daljini se čuo nježan šum potoka. Dok sam hodao dalje, naišao sam na prekrasan proplanak gdje su se životinje okupile u miru. Osjetio sam nevjerojatnu smirenost i povezanost s prirodom. Bilo je to mjesto gdje su svi problemi nestajali, a ostajala je samo čista sreća.",success,6.037,0.0,2025-06-25T15:11:10.584442,2025-06-25T15:11:16.621079,20250625_150334,0,True
e505586f-8f5e-48c4-8711-176459e93350,04eef5a9-50d1-4c69-8180-bd8b092adb36,4093648a-0a74-4393-8009-fa41f5fc269c_19450,2025-06-25T15:11:23.710409,serbian,sr,Cyrillic,gpt-4o,0.8,1.0,0.1,0.0,Završi: Sinoć sam sanjao…,Završi:﻿ Sinoć sam sanjao…,e71fa633,marker_3_middle,True,9,50,"da hodam kroz prelepu šumu osvetljenu mesečinom. Drveće je šaptalo na vetru, a negde u daljini čula se melodija koja me vodila dalje. Kako sam napredovao, naišao sam na malu čistinu u kojoj je stajao stari drveni mostić preko bistre reke. Začudo, s druge strane mosta čekala me je osoba koju nisam video godinama, nasmejana i puna topline. Razgovarali smo o svemu što smo propustili, a sve je bilo ispunjeno mirom i srećom. Taj san mi je doneo osećaj nade i radosti koji sam poneo sa sobom kada sam se probudio.",success,4.91,0.0,2025-06-25T15:11:18.800782,2025-06-25T15:11:23.710370,20250625_150334,0,True
509c3982-4072-40a7-b22c-a59a18cf1767,04eef5a9-50d1-4c69-8180-bd8b092adb36,d314b1ad-0798-40f8-8db9-f2dbb3947802_39562,2025-06-25T15:11:31.413328,serbian,sr,Cyrillic,gpt-4o,0.8,1.0,0.1,0.0,Završi: Sinoć sam sanjao…,Završi: Sinoć sam sanjao…,5309b4c3,none,False,10,50,"Sinoć sam sanjao da sam se šetao kroz beskrajno polje lavande, dok je povjetarac nosio miris cvijeća oko mene. Nebo je bilo ispunjeno zlatnim i ružičastim nijansama zalaska sunca, a osjećaj slobode i mira bio je nevjerojatno snažan. Na horizontu su se nazirale planine, a u daljini sam čuo smijeh i glazbu, kao da se negdje održava vesela proslava. Dok sam nastavljao hodati, naišao sam na staru drvenu klupu, gdje sam sjeo i uživao u pogledu, osjećajući se potpuno spokojno.",success,5.56,0.0,2025-06-25T15:11:25.853732,2025-06-25T15:11:31.413288,20250625_150334,0,True
80ce1aaf-88bd-4a2f-9454-b97cd011547b,04eef5a9-50d1-4c69-8180-bd8b092adb36,2e1e7cab-e960-44eb-ac09-ad71b13e24d1_34834,2025-06-25T15:11:37.158827,serbian,sr,Cyrillic,gpt-4o,0.8,1.0,0.1,0.0,Završi: Sinoć sam sanjao…,Završi: Sinoć sam sanjao…,6dbff1a3,none,False,11,50,"Sinoć sam sanjao da sam bio na predivnoj plaži, okružen kristalno čistim morem i mekanim, zlatnim pijeskom. Sunce je zalazilo na horizontu, bojeći nebo u nijanse ružičaste i narančaste. Osjećao sam mir i slobodu, bez ikakvih briga. U daljini su se čuli zvuci valova, a povjetarac je nježno mrsio grane palmi iznad mene. Snovi su bili živahni i ispunjeni radošću, kao da sam nakratko pobjegao iz stvarnosti u neki magični svijet.",success,3.929,0.0,2025-06-25T15:11:33.230200,2025-06-25T15:11:37.158711,20250625_150334,0,True
f4b7f740-d925-41dc-bbcf-ed8451599c7b,04eef5a9-50d1-4c69-8180-bd8b092adb36,70b6d4ae-4ab9-4de8-85c8-721ee59917e6_21479,2025-06-25T15:11:46.548631,serbian,sr,Cyrillic,gpt-4o,0.8,1.0,0.1,0.0,Završi: Sinoć sam sanjao…,Završi: Sinoć sam sanjao…,c8d3c1d4,none,False,12,50,"Sinoć sam sanjao da sam se našao na predivnoj plaži, dok je sunce polako zalazilo na horizontu. More je bilo mirno, a valovi su nježno zapljuskivali obalu. Na nebu su ptice letjele u formaciji, stvarajući prekrasne uzorke. U daljini sam mogao vidjeti jedrilice kako polako klize po vodi, a sve je bilo obasjano zlatnom svjetlošću. Osjetio sam mir i sreću, kao da je savršeni trenutak trajao zauvijek. Dok sam hodao plažom, susreo sam drage ljude iz prošlosti, i svi smo zajedno uživali u ovom čarobnom prizoru, razgovarajući i smijući se, kao da nikada nismo bili razdvojeni.",success,6.947,0.0,2025-06-25T15:11:39.600904,2025-06-25T15:11:46.548085,20250625_150334,0,True
4ecd6ff0-adb1-4e31-9ea4-6702e04ab189,04eef5a9-50d1-4c69-8180-bd8b092adb36,b4436c32-e2f2-4262-b0c3-bd6941057626_76926,2025-06-25T15:11:54.091513,serbian,sr,Cyrillic,gpt-4o,0.8,1.0,0.1,0.0,Završi: Sinoć sam sanjao…,Završi:‌ Sinoć sam sanjao…,e677739d,marker_4_middle,True,13,50,"Sinoć sam sanjao da sam se šetao kroz čarobnu šumu, ispunjenu visokim stablima čiji su listovi svijetlili različitim bojama. Kako sam hodao stazom, susretao sam neobična stvorenja koja su mi se ljubazno smiješila i pozdravljala me. Zvukovi žuborećih potoka i pjev ptica stvarali su melodiju koja je odjekivala zrakom. U daljini sam vidio prekrasan dvorac čiji su se tornjevi uzdizali prema nebu. Osjećao sam mir i sreću, kao da sam pronašao mjesto kojemu oduvijek pripadam.",success,5.569,0.0,2025-06-25T15:11:48.522403,2025-06-25T15:11:54.091483,20250625_150334,0,True
2e9f6cdf-9ef0-41da-9c16-ce884a6a029f,04eef5a9-50d1-4c69-8180-bd8b092adb36,6a422d9d-afb4-45ac-bc1f-9c84b5b51dc1_47883,2025-06-25T15:12:00.344426,serbian,sr,Cyrillic,gpt-4o,0.8,1.0,0.1,0.0,Završi: Sinoć sam sanjao…,Završi: Sinoć sam sanjao…,21b653c2,none,False,14,50,"Sinoć sam sanjao da šetam kroz predivnu šumu. Drveće je bilo visoko, a sunčeva svetlost je prodirala kroz lišće stvarajući prelepe igre svetla i senki na stazi. Vazduh je bio svež i ispunjen mirisom cvetova. U daljini sam začuo veseli žubor potoka. Dok sam mu prilazio, primetio sam da se na obali okupljaju životinje, kao da je neka vesela proslava u toku. Ptice su pevale u savršenom skladu, a leptiri su lepršali oko mene. Bila je to scena savršenog mira i radosti, i nisam želeo da se probudim.",success,4.337,0.0,2025-06-25T15:11:56.007801,2025-06-25T15:12:00.344401,20250625_150334,0,True
e1ea4bc9-69ea-4c47-b29d-7e58ff88d66e,04eef5a9-50d1-4c69-8180-bd8b092adb36,a6ba84aa-30e7-4e7b-a319-ccd23308d7b7_14455,2025-06-25T15:12:11.344617,serbian,sr,Cyrillic,gpt-4o,0.8,1.0,0.1,0.0,Završi: Sinoć sam sanjao…,Završi: Sinoć sam sanjao…,a31e4977,none,False,15,50,"Sinoć sam sanjao da sam se našao u čarobnoj šumi, ispunjenoj svjetlucavim svjetiljkama koje su visjele s grana drveća. Tišina je bila ispunjena blagim šapatom vjetra koji je prolazio kroz lišće, a tlo pod mojim nogama bilo je prekriveno mekanim slojem mahovine. U daljini sam vidio maleni mostić preko kristalno čistog potoka, a na drugoj strani stajao je mali dvorac obasjan mjesečinom. Dok sam se približavao, vrata dvorca su se polako otvorila, pozivajući me unutra. Ušao sam i pronašao sobu ispunjenu starim knjigama, mape nepoznatih zemalja i instrumente koji su izgledali kao da pripadaju istraživaču iz prošlih vremena. Jedna knjiga na stolu bila je otvorena, a stranice su se same okretale, otkrivajući priču koju sam, činilo se, trebao pročitati. Dok sam čitao, osjećao sam kako me san sve više obuzima, i postajao sam svjestan da sam dio te priče, putujući kroz nepoznate svjetove i doživljavajući avanture kakve sam oduvijek priželjkivao.",success,8.274,0.0,2025-06-25T15:12:03.069602,2025-06-25T15:12:11.343460,20250625_150334,0,True
10892475-7cad-4140-86e0-4a5396dc1a8f,04eef5a9-50d1-4c69-8180-bd8b092adb36,2f6e5e49-5fbe-4c1a-8496-74687a3529a7_96584,2025-06-25T15:12:19.150461,serbian,sr,Cyrillic,gpt-4o,0.8,1.0,0.1,0.0,Završi: Sinoć sam sanjao…,Završi: Sinoć sam sanjao…,17292b23,none,False,16,50,"da hodam po plaži, a more je bilo potpuno mirno. Nebo je bilo prekriveno zvijezdama, svaka je sjajila kao mali dijamant. Dok sam hodao, osjetio sam kako mi lagani povjetarac nosi miris soli i borova. U daljini sam vidio svjetionik, čije je svjetlo bljeskalo u ritmu koji me umirivao. S vremenom sam shvatio da se ne nalazim na poznatoj plaži, već u nekom čarobnom mjestu, gdje se sve činilo moguće. Osjećao sam se slobodno, bez ikakvih briga, kao da me ovaj san podsjeća na ljepotu jednostavnosti i trenutke kad je dovoljno samo biti prisutan.",success,5.943,0.0,2025-06-25T15:12:13.206739,2025-06-25T15:12:19.149548,20250625_150334,0,True
5859c365-caa0-45d9-9500-e7ebca358f7d,04eef5a9-50d1-4c69-8180-bd8b092adb36,168e1433-45b3-4f86-9e73-20d2aadbc391_97635,2025-06-25T15:12:27.319163,serbian,sr,Cyrillic,gpt-4o,0.8,1.0,0.1,0.0,Završi: Sinoć sam sanjao…,⁠Završi: Sinoć sam sanjao…,596a53fc,marker_2_prefix,True,17,50,"Sinoć sam sanjao da sam hodao kroz čarobnu šumu prepunu svjetlucavih svjetala i neobičnih bića. Drveće je bilo visoko i imalo je lišće koje je mijenjalo boje svaki put kad bi puhnuo vjetar. Na tlu su se prostirali cvjetni tepisi koji su ispuštali nježne mirise. Dok sam koračao dalje, sreo sam stare prijatelje i nove neobične stvorove koji su me vodili kroz nepoznate staze. Osjećao sam se mirno i radosno, kao da je sve moguće. Na kraju puta našao sam se na obali prozirnog jezera, gdje me dočekao prekrasan izlazak sunca. Probudio sam se s osmijehom, noseći sa sobom osjećaj čarolije iz sna.",success,5.377,0.0,2025-06-25T15:12:21.942010,2025-06-25T15:12:27.319132,20250625_150334,0,True
7fe7e05a-dc89-4bc6-a957-0a2f7ffc0b15,04eef5a9-50d1-4c69-8180-bd8b092adb36,855d3089-c1ea-4709-87f2-3e659df8c3c6_81357,2025-06-25T15:12:33.830662,serbian,sr,Cyrillic,gpt-4o,0.8,1.0,0.1,0.0,Završi: Sinoć sam sanjao…,Završi: Sinoć sam sanjao…,6a292a77,none,False,18,50,"Sinoć sam sanjao kako šetam predivnom šumom obasjanom mekom mesečinom. Svuda oko mene čuo se lagani šum lišća, dok su se na nebu zvezde sjajile kao dijamanti. U daljini je tekao potok, čija je voda svetlucala kao srebro. Dok sam nastavljao da hodam, naišao sam na čistinu gde su se divlje životinje mirno odmarale, kao da su deo čarobnog plesnog prizora. Osetio sam se spokojno i povezan sa prirodom, kao da je sve na svom mestu. Taj osećaj mira i sreće ostao je sa mnom i nakon što sam se probudio.",success,4.968,0.0,2025-06-25T15:12:28.862399,2025-06-25T15:12:33.830637,20250625_150334,0,True
169a8e2a-fcf8-4db9-8316-5dcb03e565cf,04eef5a9-50d1-4c69-8180-bd8b092adb36,ed4c9bbf-97a2-41ab-8f06-c1cba1d47656_41683,2025-06-25T15:12:43.906771,serbian,sr,Cyrillic,gpt-4o,0.8,1.0,0.1,0.0,Završi: Sinoć sam sanjao…,Završi: Sinoć sam sanjao…,4f981600,none,False,19,50,"Sinoć sam sanjao da sam se našao u čarobnoj šumi punoj drevnih stabala koja su svetlucala pod blagom mesečinom. Dok sam hodao kroz stazu prekrivenu mahovinom, naišao sam na predivne stvorenja koja su izgledala kao da su izašla iz bajke. Leptiri sa sjajnim krilima pratili su me, a u daljini se čula melodija koja kao da je dolazila iz samog srca šume. Osećao sam se spokojno i srećno, kao da sam deo nečega većeg i magičnog. Na kraju staze ugledao sam malu kolibu, iz koje je dopirao topao zrak svetlosti pozivajući me unutra. Ušao sam i osetio miris sveže pečene pite, dok su me dočekali prijateljski glasovi koji su me pozivali da im se pridružim.",success,8.45,0.0,2025-06-25T15:12:35.456306,2025-06-25T15:12:43.906671,20250625_150334,0,True
db3dd38c-e979-4770-bab2-211843e2e665,04eef5a9-50d1-4c69-8180-bd8b092adb36,d7aa3d9d-6975-47a5-aa3d-1d8282e2b7fd_35409,2025-06-25T15:12:49.927859,serbian,sr,Cyrillic,gpt-4o,0.8,1.0,0.1,0.0,Završi: Sinoć sam sanjao…,Završi: Sinoć sam sanjao…,0a4ba990,none,False,20,50,"da šetam kroz čarobnu šumu prepunu sjajnih krijesnica. Drveće je bilo visoko i prekriveno svetlucavim lišćem koje je šuštalo na povetarcu. Dok sam hodao, susretao sam neobična stvorenja koja su mi ljubazno klimala glavom i smeškala se. Osjećao sam se mirno i sretno, kao da sam deo nekog tajnog sveta. Na kraju puta naišao sam na predivno jezero koje je odražavalo zvezdano nebo. Probudio sam se s osećajem spokojstva i željom da ponovo posetim to magično mesto.",success,3.973,0.0,2025-06-25T15:12:45.953885,2025-06-25T15:12:49.927292,20250625_150334,0,True
4d5ccc79-3611-49ec-a8f9-1ca2db93e272,04eef5a9-50d1-4c69-8180-bd8b092adb36,537e03e3-2427-4ad4-ba00-635a8ac703b3_73091,2025-06-25T15:12:58.390016,serbian,sr,Cyrillic,gpt-4o,0.8,1.0,0.1,0.0,Završi: Sinoć sam sanjao…,Završi: Sinoć sam sanjao…,74ac6791,none,False,21,50,"Sinoć sam sanjao da sam šetao kroz predivnu šumu, obasjanu mjesečinom. Drveće je šaptalo na vjetru, a zrak je bio ispunjen mirisom svježeg lišća. Dok sam hodao, naišao sam na skriveni prolaz koji je vodio do tajnog vrta prepunog cvijeća nevjerojatnih boja. U središtu vrta bila je mirna fontana, a voda je nježno žuborila. Osjećao sam se potpuno smireno i slobodno, kao da sam našao skriveni kutak svijeta gdje vrijeme ne postoji. Bilo je to iskustvo koje ću zauvijek pamtiti, čak i kad se probudim.",success,6.175,0.0,2025-06-25T15:12:52.215141,2025-06-25T15:12:58.389936,20250625_150334,0,True
22151d4e-c289-4ec2-8133-e6733f3c6826,04eef5a9-50d1-4c69-8180-bd8b092adb36,67c6749d-daf5-4f2f-9af7-ba6dced102eb_92080,2025-06-25T15:13:05.801653,serbian,sr,Cyrillic,gpt-4o,0.8,1.0,0.1,0.0,Završi: Sinoć sam sanjao…,Završi: Sinoć sam sanjao…,630ddb9f,none,False,22,50,"Sinoć sam sanjao da sam šetao kroz začaranu šumu prepunu svetlećih cvetova i drveća koje je šaptalo. Svaki korak koji sam napravio odjekivao je kao muzika koja je ispunjavala vazduh. Na kraju staze, stigao sam do mirnog jezera koje je reflektovalo zvezde kao ogledalo. Tamo sam sreo starog mudraca koji mi je dao ključ od vrata nevidljivih za budne oči. Probudio sam se s osećajem mira i radoznalosti o tajnama koje još čekaju da budu otkrivene.",success,4.593,0.0,2025-06-25T15:13:01.208923,2025-06-25T15:13:05.801579,20250625_150334,0,True
b95cc007-d466-4128-bca0-2bad71186a0b,04eef5a9-50d1-4c69-8180-bd8b092adb36,0019afae-692c-4c9a-94e0-b063b673edf1_48253,2025-06-25T15:13:12.806441,serbian,sr,Cyrillic,gpt-4o,0.8,1.0,0.1,0.0,Završi: Sinoć sam sanjao…,Završi: Sinoć sam sanjao…,b7883070,none,False,23,50,"da letim iznad grada. Nebo je bilo vedro, a sve ispod mene bilo je osvijetljeno toplim svjetlima uličnih svjetiljki. Osjećaj slobode bio je neopisiv, kao da sam napokon mogao dotaći oblake i zaroniti u beskonačnost. Dok sam lebdio, osjetio sam miris svježeg zraka i čuo nježno šuštanje vjetra. Bio sam potpuno smiren i sretan, kao da je svaki problem nestao. Svijet se činio beskonačno lijepim i punim mogućnosti.",success,4.646,0.0,2025-06-25T15:13:08.159066,2025-06-25T15:13:12.805500,20250625_150334,0,True
3c822608-db38-4f0d-b7bb-9ce730388993,04eef5a9-50d1-4c69-8180-bd8b092adb36,033c1a00-1438-4fe5-a309-40815175e046_29560,2025-06-25T15:13:19.199286,serbian,sr,Cyrillic,gpt-4o,0.8,1.0,0.1,0.0,Završi: Sinoć sam sanjao…,Završi: Sinoć sam sanjao…,2065e906,none,False,24,50,"Sinoć sam sanjao da sam šetao kroz predivnu šumu prekrivenu zlatnim lišćem, dok su sunčeve zrake probijale kroz krošnje drveća, stvarajući čarobne igre svetlosti na tlu. U daljini sam ugledao kristalno čisto jezero, a na obali su stajali prijatelji koje nisam video dugo vremena. Razgovarali smo i smejali se, kao da ni minut nije prošao otkad smo se poslednji put sreli. Osjećaj radosti i spokojstva ispunio me i sve je delovalo tako stvarno. Kako sam se budio, osećaj mira je ostao sa mnom, podsećajući me koliko su važni trenuci provedeni s ljudima koje volimo.",success,4.478,0.0,2025-06-25T15:13:14.720904,2025-06-25T15:13:19.199227,20250625_150334,0,True
35c41707-0e9a-494a-a687-efff71435311,04eef5a9-50d1-4c69-8180-bd8b092adb36,c0c8ec62-a641-4c94-8787-989baaa5a135_72785,2025-06-25T15:13:27.100521,serbian,sr,Cyrillic,gpt-4o,0.8,1.0,0.1,0.0,Završi: Sinoć sam sanjao…,Završi: Sinoć sam sanjao…,4315ed60,none,False,25,50,"da šetam kroz magičnu šumu osvetljenu hiljadama svitaca. Svuda oko mene čule su se umirujuće melodije, kao da sama priroda svira svoj najlepši koncert. Na jednom proplanku pronašao sam jezero, čija je površina zrcalila zvezdano nebo iznad. Dok sam prilazio vodi, iz nje se podigla prelepa sirena koja mi se osmehnula i pozvala me da joj se pridružim u plesu iz snova. Taj trenutak ispunjen čarolijom ostavio je u meni osećaj mira koji sam poneo sa sobom kad sam se probudio.",success,5.341,0.0,2025-06-25T15:13:21.759905,2025-06-25T15:13:27.100448,20250625_150334,0,True
fc479e3a-fee7-4813-938c-60238342ceb7,04eef5a9-50d1-4c69-8180-bd8b092adb36,7c501c25-12dc-46f1-ae8b-f103794354be_28701,2025-06-25T15:13:32.881764,serbian,sr,Cyrillic,gpt-4o,0.8,1.0,0.1,0.0,Završi: Sinoć sam sanjao…,Završi: Sinoć sam sanjao…,c8d93f7a,none,False,26,50,"Sinoć sam sanjao da sam hodao kroz beskrajnu livadu prekrivenu cvetovima svih boja. Bilo je kao da sam ušao u neki magični svet gde je sve bilo moguće. Sunce je blago sijalo, a vazduh je bio ispunjen mirisom svežine. Na kraju livade stajala je mala drvena kućica, iz koje je dopirala muzika koja me je privlačila. Sa svakim korakom prema kućici, osećao sam se sve lakše i srećnije. Kada sam konačno stigao do nje, vrata su se sama otvorila, a unutra su me dočekali dragi prijatelji s kojima sam proveo veče u smehu i razgovoru. U tom svetu, brige su bile daleko, a osećaj ispunjenosti bio je potpun.",success,4.132,0.0,2025-06-25T15:13:28.749862,2025-06-25T15:13:32.881685,20250625_150334,0,True
b0543e8a-823c-482d-b69f-40840806ff1e,04eef5a9-50d1-4c69-8180-bd8b092adb36,8225e4d3-5b1f-498c-b0d0-426f7f952072_90237,2025-06-25T15:13:40.879071,serbian,sr,Cyrillic,gpt-4o,0.8,1.0,0.1,0.0,Završi: Sinoć sam sanjao…,Završi:⁠ Sinoć sam sanjao…,b6a7185b,marker_2_middle,True,27,50,"Sinoć sam sanjao da hodam kroz predivnu šumu osvijetljenu mjesečinom. Drveće se nježno njihalo na vjetru, a lišće je sjajilo srebrnim odsjajem. U daljini sam začuo zvuk potoka i krenuo prema njemu. Dok sam prilazio, ugledao sam mostić načinjen od cvijeća. Prešavši ga, našao sam se na čistini gdje su veselile šarene ptice i svuda su rasle cvjetne livade. Cijeli prizor bio je nevjerojatno miran i ispunjavao me osjećajem radosti. Probudio sam se s osmijehom, osjećajući kao da sam zapravo bio dio tog čarobnog mjesta.",success,5.561,0.0,2025-06-25T15:13:35.318226,2025-06-25T15:13:40.879021,20250625_150334,0,True
5605ad38-bf19-4854-b508-94d5137bd19f,04eef5a9-50d1-4c69-8180-bd8b092adb36,5a0a1d99-fbb9-4069-83d7-cd2fc3414d3d_44473,2025-06-25T15:13:46.553971,serbian,sr,Cyrillic,gpt-4o,0.8,1.0,0.1,0.0,Završi: Sinoć sam sanjao…,Završi: Sinoć sam sanjao…,fe1b0fc1,none,False,28,50,"da šetam kroz magični vrt prepun cvetova koji svetle u mraku. Nebo je bilo ispunjeno zvezdama koje su plesale i stvarale muziku koju sam mogao da čujem. Dok sam hodao, naišao sam na starog prijatelja kojeg dugo nisam video. Razgovarali smo o svemu što smo propustili i smejali se kao da vreme nikada nije prošlo. Bilo je to jedno od onih posebnih iskustava koja ostaju urezana u sećanju i nakon buđenja.",success,3.703,0.0,2025-06-25T15:13:42.850655,2025-06-25T15:13:46.553345,20250625_150334,0,True
4f0c56de-c3b9-4492-a969-781b429289aa,04eef5a9-50d1-4c69-8180-bd8b092adb36,bb49258a-bf3b-4d79-b86e-fe727c6824e8_38046,2025-06-25T15:13:56.912751,serbian,sr,Cyrillic,gpt-4o,0.8,1.0,0.1,0.0,Završi: Sinoć sam sanjao…,Završi: Sinoć sam sanjao…,a013f59b,none,False,29,50,"Sinoć sam sanjao da sam se našao na prekrasnoj livadi prepunoj šarenog cveća. Nebo je bilo kristalno plavo, a sunce je sijalo tako blago da je sve oko mene izgledalo kao iz bajke. Ptice su pevale najlepše melodije, a lagani povetarac milovao mi je lice. 

Dok sam hodao kroz tu livadu, primetio sam stazu koja je vodila prema gustoj šumi na obodu. Radoznalost me povukla i krenuo sam tim putem. Čim sam zakoračio u šumu, našao sam se okružen visokim, starim drvećem čije su krošnje pravile predivnu senku. Tu sam sreo mudru sovu koja mi je ispričala priču o životu i kako pronaći mir u sebi.

Nakon razgovora sa sovom, nastavio sam put i izašao na drugu stranu šume, gde se ukazao predivan pogled na planinske vrhove prekrivene snegom. Našao sam se na ivici sveta, pun zahvalnosti i mira. Taj osećaj je bio toliko stvaran da sam se probudio sa osmehom na licu i osećajem dubokog zadovoljstva.",success,8.14,0.0,2025-06-25T15:13:48.772550,2025-06-25T15:13:56.912715,20250625_150334,0,True
9b682acc-ea61-4aa4-b864-eafe277b04eb,04eef5a9-50d1-4c69-8180-bd8b092adb36,fc0e310c-28e6-42b4-8130-1af87519b520_95803,2025-06-25T15:14:04.028271,serbian,sr,Cyrillic,gpt-4o,0.8,1.0,0.1,0.0,Završi: Sinoć sam sanjao…,Završi: Sinoć sam sanjao…,69f120ef,none,False,30,50,"Sinoć sam sanjao nešto neobično. Bio sam u čarobnoj šumi gde su drveća pričala, a reke pevale melodije koje su me vodile u srce avanture. U susret mi je došao stari mudrac, noseći knjigu ispunjenu tajnama sveta. Ponudio mi je da pročitam jednu stranicu, koja će mi otkriti nešto važno o meni samom. Nakon što sam je pročitao, probudio sam se sa osećajem mira i novog razumevanja.",success,4.132,0.0,2025-06-25T15:13:59.895919,2025-06-25T15:14:04.028218,20250625_150334,0,True
228ac08b-cfb6-410b-9124-88dc81f58f1d,04eef5a9-50d1-4c69-8180-bd8b092adb36,73405427-33c3-45f5-aeda-9370905bc6cf_64936,2025-06-25T15:14:08.912512,serbian,sr,Cyrillic,gpt-4o,0.8,1.0,0.1,0.0,Završi: Sinoć sam sanjao…,Završi: Sinoć sam sanjao…,18aafb8e,none,False,31,50,"da sam hodao po obali mora dok je sunce polako zalazilo na horizontu. Nebo je bilo ispunjeno nijansama narandžaste, roze i ljubičaste, a talasi su nježno zapljuskivali moje noge. U daljini sam primijetio brod koji je klizio po vodi, ostavljajući trag svjetlosti na njenoj površini. Osjećao sam mir i povezanost s prirodom, kao da je sve na svom mjestu. Bila je to savršena slika spokojstva, i nisam želio da se taj trenutak ikada završi.",success,3.049,0.0,2025-06-25T15:14:05.863748,2025-06-25T15:14:08.912487,20250625_150334,0,True
e3c43d7f-c70b-426a-ae5a-11fb03601406,04eef5a9-50d1-4c69-8180-bd8b092adb36,26506c24-3018-4061-a958-50502276253b_91938,2025-06-25T15:14:19.050060,serbian,sr,Cyrillic,gpt-4o,0.8,1.0,0.1,0.0,Završi: Sinoć sam sanjao…,Završi: Sinoć sam sanjao…,effe02c8,none,False,32,50,"Sinoć sam sanjao da sam hodao kroz predivnu šumu obasjanu mjesečinom. Drveće je bilo visoko i gusto, a zrak je bio ispunjen svježinom i mirisom cvijeća. Dok sam koračao stazom koja je vijugala kroz šumu, začuo sam žubor potoka koji je tekao negdje u blizini. Pratio sam taj zvuk i ubrzo stigao do malene čistine gdje je svjetlucavi potok krivudao između kamenja. Na obali potoka sjedio je stari mudrac s dugom bijelom bradom, koji me pozdravio toplim osmijehom i pozvao da sjednem kraj njega. Razgovarali smo o životu, snovima i tajnama svemira, a njegove riječi bile su poput melodije koja mi je ispunjavala srce mirom i radošću. Probudio sam se s osjećajem zahvalnosti i inspiracije, odlučan da prigrlim svaki novi dan s istim duhom otvorenosti i znatiželje.",success,8.209,0.0,2025-06-25T15:14:10.841467,2025-06-25T15:14:19.050021,20250625_150334,0,True
515a0982-3db1-4ec6-8897-ee515235f3b9,04eef5a9-50d1-4c69-8180-bd8b092adb36,1b0a0bf2-81f8-48b7-9db8-1a2817363418_79416,2025-06-25T15:14:25.288459,serbian,sr,Cyrillic,gpt-4o,0.8,1.0,0.1,0.0,Završi: Sinoć sam sanjao…,Završi: Sinoć sam sanjao…,afc2f14f,none,False,33,50,"da hodam obalom mora, a valovi su nježno zapljuskivali moje bose noge. Nebo je bilo ispunjeno tisućama zvijezda koje su treperile poput svijeća na vjetru. U daljini sam ugledao svjetionik čije je svjetlo blago osvetljavalo put. Osjećao sam se mirno i slobodno, kao da sav teret svakodnevnog života nestaje s svakim korakom koji sam napravio. Dok sam hodao, uz more sam vidio stare prijatelje kako sjede oko vatre, smiju se i sviraju gitaru. Pridružio sam im se i osjetio toplinu prijateljstva i radosti, shvativši koliko su takvi trenuci dragocjeni.",success,4.23,0.0,2025-06-25T15:14:21.058611,2025-06-25T15:14:25.288370,20250625_150334,0,True
0c9688ae-f2ff-4477-92e8-17dc0b134ec4,04eef5a9-50d1-4c69-8180-bd8b092adb36,55d24936-4d45-4f5f-9ce6-dd541e057955_57160,2025-06-25T15:14:30.903740,serbian,sr,Cyrillic,gpt-4o,0.8,1.0,0.1,0.0,Završi: Sinoć sam sanjao…,Završi: Sinoć sam sanjao…,c0d2fdb2,none,False,34,50,"Sinoć sam sanjao kako šetam kroz predivnu šumu, obasjanu mjesečinom. Drveće je šaputalo na povjetarcu, a staze su bile posute zvjezdanim prahom. Našao sam mirno jezero koje je reflektiralo nebo, i činilo se kao da hodam među zvijezdama. U tom trenutku, sve brige su nestale, a osjećaj slobode ispunio je moje srce.",success,3.843,0.0,2025-06-25T15:14:27.059750,2025-06-25T15:14:30.902797,20250625_150334,0,True
8e0c6f5d-1ccf-4772-8ee1-ccd89414820f,04eef5a9-50d1-4c69-8180-bd8b092adb36,9ff97c24-5833-422f-ae6c-f19ed15e0c37_87462,2025-06-25T15:14:40.481747,serbian,sr,Cyrillic,gpt-4o,0.8,1.0,0.1,0.0,Završi: Sinoć sam sanjao…,Završi: Sinoć sam sanjao…,ae15c468,none,False,35,50,"Sinoć sam sanjao da šetam kroz predivnu šumu, gdje su stabla bila visoka i gusta, a sunčeva svjetlost je provirivala kroz lišće stvarajući čarobne svjetlosne uzorke na tlu. Dok sam hodao, naišao sam na kristalno čisto jezero koje je odražavalo nebo boje safira. Na obali jezera stajala je stara drvena klupa, a pored nje nepoznata osoba koja mi se prijateljski nasmiješila. Pozvao me da sjednem i zajedno smo proveli vrijeme razgovarajući o životu, snovima i smislu svega. Iako nisam prepoznao tu osobu, osjećao sam kao da je poznajem cijeli život. Kad sam se probudio, ostao je osjećaj mira i zahvalnosti, kao da sam sa sobom donio djelić tog sna u stvarnost.",success,6.835,0.0,2025-06-25T15:14:33.646931,2025-06-25T15:14:40.481721,20250625_150334,0,True
ae4508c4-87d4-4e23-bbea-b58a56b0c1b9,04eef5a9-50d1-4c69-8180-bd8b092adb36,dc050403-1398-4ce6-849a-1aaeebbba9be_58456,2025-06-25T15:14:51.660053,serbian,sr,Cyrillic,gpt-4o,0.8,1.0,0.1,0.0,Završi: Sinoć sam sanjao…,Završi: Sinoć sam sanjao…,88d2a10a,none,False,36,50,"Sinoć sam sanjao kako hodam kroz predivnu šumu, obasjanu mjesečinom. Svi detalji su bili nevjerojatno živi – od mirisa svježe mahovine do osjećaja blagog povjetarca na licu. Odjednom sam naišao na staru drvenu kolibu, prekrivenu bršljanom. Vrata su bila odškrinuta, a iznutra se čula tiha melodija koja me neodoljivo privlačila. Kada sam ušao, unutrašnjost je bila ispunjena starinskim predmetima i knjigama, a u kutu je sjedio mudri starac, gledajući me sa blagim osmijehom. Počeo je pričati o tajnama svemira i skrivenim znanjima, a ja sam upijao svaku njegovu riječ. U tom trenutku osjetio sam mir i povezanost s nečim većim od sebe, kao da sam pronašao dio slagalice koja mi je cijelog života nedostajala.",success,9.139,0.0,2025-06-25T15:14:42.520500,2025-06-25T15:14:51.659572,20250625_150334,0,True
cf08b50a-d91f-47aa-9017-c50a97a6f99f,04eef5a9-50d1-4c69-8180-bd8b092adb36,a7ce87dc-3dec-4c46-83dd-a3f72bf7f706_67647,2025-06-25T15:15:02.256783,serbian,sr,Cyrillic,gpt-4o,0.8,1.0,0.1,0.0,Završi: Sinoć sam sanjao…,Završi: Sinoć sam sanjao…,9702a949,none,False,37,50,"Sinoć sam sanjao da sam se našao na predivnoj plaži, gdje je pijesak bio mekan poput svile, a more je bilo kristalno čisto s nijansama tirkizne i plave. Sunce je polako zalazilo, obasjavajući nebo spektakularnim bojama narančaste, ružičaste i ljubičaste. U daljini su galebovi lepršali iznad valova, dok su se djeca smijala i igrala u plićaku.

Osjećao sam se potpuno opušteno i sretno, kao da su svi problemi svakodnevice nestali. Hodao sam duž obale, ostavljajući tragove u pijesku, slušajući umirujući šum mora. Sreo sam prijatelje koje nisam dugo vidio, i zajedno smo sjedili oko logorske vatre, pričajući stare priče i smijući se do suza. Bilo je to mjesto gdje su brige bile nepoznate, a radost i mir vladali su svakim trenutkom.

Dok sam se polako budio, osjećaj spokojstva ostao je sa mnom, i poželio sam da se taj san nikada ne završi. Iako je bio samo san, donio mi je utjehu i podsjetio me na ljepotu jednostavnih trenutaka u životu.",success,8.641,0.0,2025-06-25T15:14:53.615793,2025-06-25T15:15:02.256732,20250625_150334,0,True
30b82e96-5c5e-4d35-83ba-39950762fb0e,04eef5a9-50d1-4c69-8180-bd8b092adb36,33b846c5-ebdd-42cc-adf5-5603977ee5ce_65095,2025-06-25T15:15:10.429249,serbian,sr,Cyrillic,gpt-4o,0.8,1.0,0.1,0.0,Završi: Sinoć sam sanjao…,Završi: Sinoć sam sanjao…,4164f001,none,False,38,50,"Sinoć sam sanjao da sam šetao kroz predivnu, čarobnu šumu, gdje su drveća bila visoka i svjetlucava, a zrak je bio ispunjen mirisom cvijeća. Na mom putu sam sreo razna stvorenja, od kojih je svako imalo svoju priču da ispriča. U tom snu, osjećao sam se potpuno opušteno i slobodno, kao da su sve brige nestale. Bilo je to mjesto gdje je sve bilo moguće i gdje su mašta i stvarnost postale jedno. Dok sam se kretao kroz taj čarobni svijet, osjećao sam duboku povezanost s prirodom i divljenje prema njenim čudima. Na kraju puta, dočekalo me je veliko jezero, na čijoj površini su se reflektirale zvijezde, stvarajući prizor koji mi je oduzeo dah. Probudivši se, osjetio sam kako mi taj san donosi mir i inspiraciju za novi dan.",success,6.475,0.0,2025-06-25T15:15:03.954190,2025-06-25T15:15:10.429193,20250625_150334,0,True
ccec36a1-dcaa-4764-a0dc-73e5f8ee0d29,04eef5a9-50d1-4c69-8180-bd8b092adb36,7d198e80-3aea-469c-8f17-5d5a6d2fdd96_44705,2025-06-25T15:15:16.905221,serbian,sr,Cyrillic,gpt-4o,0.8,1.0,0.1,0.0,Završi: Sinoć sam sanjao…,Završi: Sinoć sam sanjao…,e175b9ef,none,False,39,50,"da šetam beskrajnim poljima lavande dok me blagi povjetarac nosi dalje od stvarnosti. Nebo je bilo prekriveno zvijezdama koje su treperile poput sitnih svjetionika u daljini. U tom snu, osjećaj slobode bio je toliko stvaran da sam se probudio s osmijehom na licu, želeći da taj trenutak potraje zauvijek.",success,4.177,0.0,2025-06-25T15:15:12.727882,2025-06-25T15:15:16.904485,20250625_150334,0,True
99123520-d82f-4c84-8074-4d5af2edd185,04eef5a9-50d1-4c69-8180-bd8b092adb36,cc110d5a-14b7-466e-9098-fde5e948b8de_47640,2025-06-25T15:15:23.421261,serbian,sr,Cyrillic,gpt-4o,0.8,1.0,0.1,0.0,Završi: Sinoć sam sanjao…,Završi: Sinoć sam sanjao…,6ba3a347,none,False,40,50,"da letim iznad grada, osjećajući se slobodno i bezbrižno. Zgrade su bile osvijetljene, a ulice su izgledale kao rijeke svjetla. Ljudi su prolazili ispod mene, nesvjesni mog lebdenja iznad. Sve je bilo mirno i tiho, kao da je cijeli svijet zastao da uživam u tom trenutku. Osjećaj je bio neopisiv, kao da sam na trenutak pobjegao od svakodnevnih briga i stresa.",success,4.724,0.0,2025-06-25T15:15:18.697317,2025-06-25T15:15:23.421144,20250625_150334,0,True
dbcd4b1a-bd70-4d99-931c-28dff9324af2,04eef5a9-50d1-4c69-8180-bd8b092adb36,62403dcf-276d-461a-a833-962a9fd58d1b_49118,2025-06-25T15:15:32.233355,serbian,sr,Cyrillic,gpt-4o,0.8,1.0,0.1,0.0,Završi: Sinoć sam sanjao…,Završi: Sinoć sam sanjao…,95b2667e,none,False,41,50,"Sinoć sam sanjao kako hodam kroz predivnu šumu prepunu visokih stabala i mirisnog cvijeća. Sunčeva svjetlost probijala se kroz krošnje, stvarajući čarobne sjene na stazi kojom sam koračao. Dok sam hodao, naišao sam na kristalno čisto jezero čija je površina blistala poput dragulja. U tom trenutku, osjećaj mira i sreće ispunio je moje srce, a ptice su pjevale najljepše melodije. Taj san bio je poput bijega u neki skriveni, savršeni svijet gdje brige nisu postojale, a ja sam se osjećao slobodnim i povezan s prirodom.",success,7.166,0.0,2025-06-25T15:15:25.067210,2025-06-25T15:15:32.233329,20250625_150334,0,True
c4c65ebc-2ee3-45ab-aa61-476b4a82f099,04eef5a9-50d1-4c69-8180-bd8b092adb36,3354f444-9feb-473f-8aa8-3b41261753af_40046,2025-06-25T15:15:41.313382,serbian,sr,Cyrillic,gpt-4o,0.8,1.0,0.1,0.0,Završi: Sinoć sam sanjao…,‌Završi: Sinoć sam sanjao…,a1ea4f8b,marker_4_prefix,True,42,50,"da letim iznad grada, dok su ispod mene svjetla treperila poput zvijezda. Osjećao sam se slobodno i bezbrižno, kao da su svi problemi nestali. Dok sam lebdio iznad poznatih ulica, susreo sam lica dragih ljudi, a njihov osmijeh me ispunjavao toplinom. Taj osjećaj slobode i sreće nosio me kroz čitavu noć, sve dok se jutarnje svjetlo nije počelo probijati kroz prozor, nježno me budeći iz tog čarobnog sna.",success,6.967,0.0,2025-06-25T15:15:34.346477,2025-06-25T15:15:41.313015,20250625_150334,0,True
6804e3cf-0cc2-47ed-aacf-0417cb8a1ac3,04eef5a9-50d1-4c69-8180-bd8b092adb36,59c6a03a-1c35-46e5-94d1-1a18b354b668_58848,2025-06-25T15:15:53.685746,serbian,sr,Cyrillic,gpt-4o,0.8,1.0,0.1,0.0,Završi: Sinoć sam sanjao…,﻿Završi: Sinoć sam sanjao…,1b84e63f,marker_3_prefix,True,43,50,"da šetam kroz beskrajne livade prekrivene cvijećem. Nebo je bilo ispunjeno živopisnim bojama zalaska sunca, a zrak je mirisao na svježe pokošenu travu i cvijetne note. Dok sam hodao, naišao sam na staro selo gdje su ljudi plesali uz muziku violine i gitare. Njihova sreća bila je zarazna, i ubrzo sam se pridružio njihovom plesu. Svi smo bili povezani nevidljivim nitima radosti i zajedništva. Kada sam se probudio, osjećaj te topline i zadovoljstva još uvijek je bio sa mnom, ostavljajući me s osmijehom na licu.",success,9.663,0.0,2025-06-25T15:15:44.022876,2025-06-25T15:15:53.685711,20250625_150334,0,True
6b744813-4de1-4ab4-bcf0-a120b00c6819,04eef5a9-50d1-4c69-8180-bd8b092adb36,df7497cd-6686-4e23-ae57-89c3c3401154_17371,2025-06-25T15:16:01.971052,serbian,sr,Cyrillic,gpt-4o,0.8,1.0,0.1,0.0,Završi: Sinoć sam sanjao…,Završi: Sinoć sam sanjao…,a75c3a66,none,False,44,50,"da hodam kroz zeleni šumski proplanak, okružen visokim drvećem čije su krošnje blago šumile na povjetarcu. Sunčeve zrake probijale su se kroz lišće, stvarajući prekrasne igre svjetlosti i sjene na tlu. U zraku se osjećao miris svježe kiše i mokre zemlje, dok su negdje u daljini cvrkutale ptice. Dok sam hodao, naišao sam na biserni potok čija je voda žuborila i pozivala me da se zaustavim i odmorim kraj njezine obale. Sjeo sam na glatki kamen i pustio da me obuzme mir i tišina prirode. Taj san donio mi je osjećaj spokoja i povezanosti s prirodom kakav nisam iskusio već dugo vremena.",success,6.155,0.0,2025-06-25T15:15:55.815679,2025-06-25T15:16:01.971023,20250625_150334,0,True
d883aed4-83c7-4541-95a9-06d244511ced,04eef5a9-50d1-4c69-8180-bd8b092adb36,27a3f52e-cfaa-4ae9-9516-3f0df2e282ce_51323,2025-06-25T15:16:12.062221,serbian,sr,Cyrillic,gpt-4o,0.8,1.0,0.1,0.0,Završi: Sinoć sam sanjao…,Završi: Sinoć sam sanjao…,dc6a3e15,none,False,45,50,"Sinoć sam sanjao da se šetam kroz beskrajni vrt prepun cvijeća koje nikada ranije nisam vidio. Boje su bile tako žive i mirisi su ispunjavali zrak, stvarajući osjećaj potpune smirenosti. Dok sam hodao, ptice su pjevale najljepše melodije, a vedro nebo iznad mene činilo se beskonačnim. Na kraju vrta, naišao sam na stari drveni most koji je prelazio preko bistrog potoka. Kad sam prešao na drugu stranu, dočekali su me prijatelji koje dugo nisam vidio, i zajedno smo se smijali i pričali do zore. Bio je to san koji je ispunio moje srce toplinom i srećom.",success,8.097,0.0,2025-06-25T15:16:03.965575,2025-06-25T15:16:12.062166,20250625_150334,0,True
8ffe1bce-ccc0-4b3a-9f80-c5a538f0e8fc,04eef5a9-50d1-4c69-8180-bd8b092adb36,ecf40503-c703-4979-b341-f4d1bc5fb6b5_48085,2025-06-25T15:16:19.343752,serbian,sr,Cyrillic,gpt-4o,0.8,1.0,0.1,0.0,Završi: Sinoć sam sanjao…,Završi: Sinoć sam sanjao…,b5c130cb,none,False,46,50,"da sam hodao po beskrajnoj plaži, gdje je more bilo tako mirno da se činilo kao veliko ogledalo. Nebo je bilo prošarano bojama zalaska sunca, a svaki moj korak ostavljao je sjajne tragove na pijesku. Susreo sam stare prijatelje i razgovarali smo bez riječi, razumijevajući se pogledima. Zrak je bio ispunjen mirisom soli i osjećajem mira, kao da se vrijeme zaustavilo samo za taj trenutak. Probudivši se, osjećao sam se osvježeno, kao da sam stvarno bio tamo.",success,5.077,0.0,2025-06-25T15:16:14.267048,2025-06-25T15:16:19.343681,20250625_150334,0,True
2e4b0401-2c38-42de-a80a-7ad751419eff,04eef5a9-50d1-4c69-8180-bd8b092adb36,9cb31cbb-2af2-41cb-971d-a561ae6e8b0b_26348,2025-06-25T15:16:34.281576,serbian,sr,Cyrillic,gpt-4o,0.8,1.0,0.1,0.0,Završi: Sinoć sam sanjao…,Završi: Sinoć sam sanjao…,22d19eae,none,False,47,50,"da letim iznad grada, obasjanog mesečinom. Ulice su bile tihe, a svetla su se presijavala poput zvezda na noćnom nebu. Osećao sam se slobodno i bezbrižno, kao da sam ostavio sve brige iza sebe. Dok sam leteo, mogao sam da vidim ljude u svojim domovima, svako sa svojim pričama, a ja sam bio samo posmatrač iznad svega. Na kraju sna, spustio sam se na obalu reke, gde me je dočekao miris svežeg cveća i zvukovi vetra koji šapuće kroz drveće. Probudivši se, osećaj slobode i dalje je bio sa mnom, podsećajući me da su snovi mesto gde je sve moguće.",success,12.319,0.0,2025-06-25T15:16:21.962076,2025-06-25T15:16:34.280997,20250625_150334,0,True
e4232943-7c52-43eb-8d4d-c2ff8ca1451c,04eef5a9-50d1-4c69-8180-bd8b092adb36,653919dc-4a4a-470c-a4f8-611638512783_30116,2025-06-25T15:17:01.534747,serbian,sr,Cyrillic,gpt-4o,0.8,1.0,0.1,0.0,Završi: Sinoć sam sanjao…,Završi: Sinoć sam sanjao…,bf2b82aa,none,False,48,50,"Sinoć sam sanjao da sam šetao kroz čarobnu šumu, gdje su drveće i cvijeće svjetlucali u raznim bojama. Svaki korak kojeg sam napravio otkrivao je novu glazbenu notu, stvarajući melodiju koja je pratila moje kretanje. Na kraju šetnje, došao sam do proplanka gdje su se okupljala stvorenja iz mašte, plesala i pjevala u skladu sa šumskom simfonijom. Osjećao sam se lagano i bezbrižno, kao da je čitav svijet bio prepun mogućnosti. Kad sam se probudio, osmijeh mi je obasjao lice i dan je počeo s osjećajem čarolije.",success,25.04,0.0,2025-06-25T15:16:36.494731,2025-06-25T15:17:01.534718,20250625_150334,0,True
31c0d735-727b-41a4-ab84-8c6e14c7f31b,04eef5a9-50d1-4c69-8180-bd8b092adb36,092cba0e-9a62-47e2-a7da-58a2b6685a4e_59595,2025-06-25T15:17:28.635108,serbian,sr,Cyrillic,gpt-4o,0.8,1.0,0.1,0.0,Završi: Sinoć sam sanjao…,‌Završi: Sinoć sam sanjao…,57fcdef6,marker_4_prefix,True,49,50,"Sinoć sam sanjao kako hodam kroz neki tajanstveni vrt, pun prekrasnog cvijeća i drveća čije su grane bile isprepletene poput krošanja u bajci. Zvukovi ptica pjevali su nepoznate melodije, a zrak je bio ispunjen mirisom lavande i ruža. Dok sam hodao, primijetio sam stazu od sjajnih kamenčića koja je vodila prema malom jezercu na kojem se presijavala mjesečina. Na obali jezera čekala me drvena klupa, a pored nje sjedila je osoba koju nisam prepoznao, ali sam osjećao duboku povezanost s njom. Razgovarali smo o snovima, nadama i tajnama svemira, a svaki njen osmijeh bio je poput šapta vjetra koji donosi mir. Probudivši se, osjećaj tog sna ostao je sa mnom, donoseći mi osjećaj mira i inspiracije za novi dan.",success,24.395,0.0,2025-06-25T15:17:04.240156,2025-06-25T15:17:28.635038,20250625_150334,0,True
ec9ca6d6-eb5e-466d-b8ee-25e173493223,04eef5a9-50d1-4c69-8180-bd8b092adb36,e0c04a86-4867-452c-ab33-370880956d5f_41932,2025-06-25T15:17:37.057301,serbian,sr,Cyrillic,gpt-4o,0.8,1.0,0.1,0.0,Završi: Sinoć sam sanjao…,Završi:​ Sinoć sam sanjao…,a7ada291,marker_1_middle,True,50,50,"Sinoć sam sanjao kako hodam kroz predivnu šumu, gdje sunčeva svjetlost prolazi kroz krošnje drveća stvarajući čarobne igre svjetlosti i sjene na tlu. Zrak je bio ispunjen mirisom borova i svježine. Dok sam hodao, susreo sam razne životinje koje su se činile prijateljski nastrojene. U daljini sam začuo žubor potoka i krenuo prema njemu. Kad sam stigao do vode, ugledao sam most koji me vodio do druge strane, gdje je čekala mala koliba okružena cvijećem. U kolibi je gorjela vatra u kaminu, a na stolu je bio servirani topli čaj. Osjetio sam mir i sreću kao nikad prije, kao da sam pronašao skriveni kutak svijeta savršen za mene.",success,6.436,0.0,2025-06-25T15:17:30.621495,2025-06-25T15:17:37.057272,20250625_150334,0,True
