call_id,batch_id,user_id,timestamp,language,language_code,script,model,temperature,base_prompt,modified_prompt,prompt_id,marker_info,dream_number,original_dream,rejection_reason,session_id,temporal_delay
8d074be0-5048-4f6a-a2cb-273d5165f889,673aebdf-4a27-44b2-8596-ac22bd11ee58,1119adcc-9ee5-4f40-bc03-a7b0a61fb4f9_73079,2025-06-25T15:57:45.894155,basque,eu,Latin,gpt-4o,0.8,Amaitu: Bart amets egin nuen…,Amaitu: Bart amets egin nuen…,850b60e2,none,4,"Barkatu, baina esaldi hori osatzeko informazio gehiago behar dut. Nola jarraitzea nahi duzu? Agian zure ametsaren xehetasun gehiago partekatu ditzakezu, eta horren arabera lagunduko dizut.",error_response_detected,20250625_155722,0.0
66ea270c-a100-4fbd-8150-a32e1598c3f4,673aebdf-4a27-44b2-8596-ac22bd11ee58,b3413775-1023-4f78-8abb-571b10e1dfe5_49132,2025-06-25T15:58:14.033675,basque,eu,Latin,gpt-4o,0.8,Amaitu: Bart amets egin nuen…,Amaitu:‌ Bart amets egin nuen…,f426b287,marker_4_middle,8,"Barkatu, baina ez dut zure eskaera ulertzen oso ongi. Mesedez, argitu nahi bazenu edo gehiago gehitu, laguntzen saiatuko naiz. Eskerrik asko!",error_response_detected,20250625_155722,0.0
d027988f-882b-4115-ab88-3ccbde53b8f9,673aebdf-4a27-44b2-8596-ac22bd11ee58,7e71d473-a43a-42bb-b376-e8c67191f680_17204,2025-06-25T15:58:39.603844,basque,eu,Latin,gpt-4o,0.8,Amaitu: Bart amets egin nuen…,Amaitu: Bart amets egin nuen…,97f6c372,none,11,"Barkatu, baina testua amaitzeko informazio gehiago edo testuingurua emango bazenit, gustura lagunduko nizuke. Zure ametsa, pertsonaia edo egoera zehatz bat izan bada, horren inguruko informazioa eskertuko nuke hurrengo zati bat sortzeko.",error_response_detected,20250625_155722,0.0
1ce17553-e5f8-417b-affd-301c6c4bbfb1,673aebdf-4a27-44b2-8596-ac22bd11ee58,9348a100-ca87-475c-919e-63e8ad8996f1_32788,2025-06-25T15:58:50.466100,basque,eu,Latin,gpt-4o,0.8,Amaitu: Bart amets egin nuen…,Amaitu: Bart amets egin nuen…,11a99544,none,13,"Barkatu, baina zure mezua osatzeko edo jarraitzeko informazio gehiago behar dut. Zure ametsa zer modukoa zen edo zer gertatu zen kontatzeko prest bazaude, aurrera egin eta zehaztu gehiago, mesedez. Pozik lagunduko dizut!",error_response_detected,20250625_155722,0.0
a5787b1a-cea1-49ff-8c50-64cba16f878a,673aebdf-4a27-44b2-8596-ac22bd11ee58,7e84ceba-df5a-45e4-9970-7bcc7807f188_71578,2025-06-25T15:59:04.359278,basque,eu,Latin,gpt-4o,0.8,Amaitu: Bart amets egin nuen…,Amaitu: Bart amets egin nuen…,adadf32c,none,15,"Barkatu, baina ez dut zure mezu hori guztiz ulertzen. ""Amaitu: Bart amets egin nuen…"" esaldia dirudi, baina informazio gehiago edo testuinguru gehigarriren bat eman ahal badidazu, pozik lagunduko dizut. Ametsari buruz hitz egin nahi baduzu, edo amets horri buruzko zerbait konkretua azaldu nahi baduzu, jakinarazi, mesedez.",error_response_detected,20250625_155722,0.0
0ac6051b-968b-4e92-9523-c5180a677edd,673aebdf-4a27-44b2-8596-ac22bd11ee58,03069530-8177-499d-bde1-678083420943_72278,2025-06-25T15:59:51.557903,basque,eu,Latin,gpt-4o,0.8,Amaitu: Bart amets egin nuen…,Amaitu: Bart amets egin nuen…,6c263e73,none,21,"Barkatu, baina ez daukat zure ametsaren xehetasun gehiago. Nola jarraitzen du amets horrek? Ahal badut lagundu edo interpretazio bat eman, pozik egingo dut!",error_response_detected,20250625_155722,0.0
7c8976aa-b757-4129-8dd1-5114eebb0713,673aebdf-4a27-44b2-8596-ac22bd11ee58,c1ebc812-26d3-426a-a8b7-9120ba055955_29095,2025-06-25T16:00:17.913205,basque,eu,Latin,gpt-4o,0.8,Amaitu: Bart amets egin nuen…,Amaitu: Bart amets egin nuen…,da9244c4,none,24,"Barkatu, baina zure esaldiaren testuingurua apur bat laburra da. Hala ere, jarraipen bat proposatuko dut:

Bart amets egin nuen, eta esnatzerakoan guztiak hain errealak ziruditen, non une batez benetan gertatu zirela pentsatu bainuen. Ametsa toki ezezagun batean gertatzen zen, baina aldi berean oso ezaguna egiten zitzaidan, eta bertan nire lagun zaharrak aurkitu nituen, aspaldian ikusi ez ditudanak. Haiekin berriro elkartzeak nostalgia sentimendua piztu zidan, eta oroitzapen goxoak gogora ekarri zizkidan.

Zuk nahi baduzu, esaldiaren inguruan gehiago garatu dezaket edo ideia horri jarraipena eman diezaioket. Zer iruditzen zaizu?",error_response_detected,20250625_155722,0.0
a4298ec8-f349-411a-91e8-260805fbcee4,673aebdf-4a27-44b2-8596-ac22bd11ee58,bbd8269c-2647-4399-9e72-5304cd57ed45_42474,2025-06-25T16:02:03.548673,basque,eu,Latin,gpt-4o,0.8,Amaitu: Bart amets egin nuen…,<!-- -->Amaitu: Bart amets egin nuen…,298107ff,marker_0_prefix,36,"Barkatu, baina zure eskaerarekin zer egin nahi duzun argitu al dezakezu? Zerbait konkretu bat behar baduzu edo laguntza nahi baduzu, mesedez, zehatzago azaldu. Eskerrik asko!",error_response_detected,20250625_155722,0.0
6ced43ad-3c69-428f-8bec-07c4c77e8bba,673aebdf-4a27-44b2-8596-ac22bd11ee58,de91bc4b-2564-4a98-bddc-57b8d706bcfb_25382,2025-06-25T16:02:47.772063,basque,eu,Latin,gpt-4o,0.8,Amaitu: Bart amets egin nuen…,Amaitu: Bart amets egin nuen…,e704632b,none,41,"Barkatu, baina zure esaldiak informazio gehiago behar du testuinguru egokia emateko. Mesedez, jarraitu nahi baduzu edo zerbait zehatz galdetu nahi baduzu, eman informazio gehiago. Pozik lagunduko dizut!",error_response_detected,20250625_155722,0.0
54398671-d276-4495-8107-935c9928cdd8,673aebdf-4a27-44b2-8596-ac22bd11ee58,c14a8371-9dfc-4e30-b2de-01eb3fa972ae_37804,2025-06-25T16:02:59.698942,basque,eu,Latin,gpt-4o,0.8,Amaitu: Bart amets egin nuen…,Amaitu: Bart amets egin nuen…<!-- -->,a5d94324,marker_0_suffix,43,"Barkatu, baina hitzaurre honetan ez duzu testu edo kontakizun gehiago eman. Mesedez, informazio gehigarria eman edo testua osatu nahi baduzu, laguntzeko prest nago!",error_response_detected,20250625_155722,0.0
0c365c30-5fef-47a2-9a60-34be7b72a784,673aebdf-4a27-44b2-8596-ac22bd11ee58,2cb898a4-15d2-45dd-ac36-1b3f0fbaf8e1_66716,2025-06-25T16:03:13.859618,basque,eu,Latin,gpt-4o,0.8,Amaitu: Bart amets egin nuen…,Amaitu: Bart amets egin nuen…,d773baa8,none,45,"Barkatu, baina zure esaldia ez dago osatuta. Hona hemen jarraipenerako aukera bat: ""Bart amets egin nuen eta amets hori benetan bitxia izan zen."" Zure ametsa kontatuko didazu? Gustatuko litzaidake jakitea zer amestu zenuen.",error_response_detected,20250625_155722,0.0
9c83ac2f-02de-4a25-a357-d75d0123ace8,98f92986-a682-460d-a63e-914ccf66b9f0,ae3b0016-4788-4052-ac2b-004387eaf5f5_72664,2025-06-25T16:04:01.271325,basque,eu,Latin,gpt-4o,0.8,Amaitu: Bart amets egin nuen…,Amaitu: Bart amets egin nuen…,704f009c,none,1,"Barkatu, baina ez ditut zure ametsak edo esperientziak ezagutzen. Baina ametsen inguruan hitz egin nahi baduzu edo interpretazioa bilatzen baduzu, lagun zaitzaket ideia batzuk ematen. Zeri buruzkoa zen zure ametsa?",error_response_detected,20250625_155722,0.0
f5b4b6a9-631a-468b-94a5-09b28bfcb794,98f92986-a682-460d-a63e-914ccf66b9f0,493734dc-f45a-4031-9d1e-4a10b0250943_17605,2025-06-25T16:04:36.170484,basque,eu,Latin,gpt-4o,0.8,Amaitu: Bart amets egin nuen…,Amaitu: Bart amets egin nuen…,3a4d6d9c,none,5,"Barkatu, baina zure esaldia osatzeko informazio gehiago beharko nuke. Zein amets mota izan zenuen? Zerbait zehatza gogoratzen duzu amets horretaz? Horrela, hobeto lagundu ahal dizut.",error_response_detected,20250625_155722,0.0
6b19df33-4909-48ed-a244-2491d7b51c24,98f92986-a682-460d-a63e-914ccf66b9f0,82022736-a129-4d9c-959c-423fbab541e6_20038,2025-06-25T16:04:41.649966,basque,eu,Latin,gpt-4o,0.8,Amaitu: Bart amets egin nuen…,Amaitu: Bart amets egin nuen…,e73a3784,none,6,"Barkatu, baina testu hori ezagutzen dut. ""Bart amets egin nuen"" euskal abesti baten hasiera da. Abesti honen edo beste edozein lan artistikoren eduki osoa partekatu gabe lagun zaitzaket. Adibidez, abestiaren gaia edo interpretazio batzuk aztertzen. Zer gehiago jakin nahi zenuke abesti honi buruz?",error_response_detected,20250625_155722,0.0
51299b17-3f43-4dd6-b053-32eae60183fe,98f92986-a682-460d-a63e-914ccf66b9f0,e7f266ef-48c5-4480-b06a-1328fdd6fe1a_16775,2025-06-25T16:05:05.482921,basque,eu,Latin,gpt-4o,0.8,Amaitu: Bart amets egin nuen…,Amaitu: Bart amets egin nuen…,54f6a75a,none,10,"Barkatu, baina jarraibide gehiago edo testuingurua behar dut laguntzeko. Ondoren zer gertatu zen edo zure ametsa nolakoa izan zen azaltzen badidazu, lagundu ahal izango dizut!",error_response_detected,20250625_155722,0.0
e5e335cb-17f0-4f81-9b8f-428f8fb4a200,98f92986-a682-460d-a63e-914ccf66b9f0,cb8913a4-f9b8-4529-9ae4-c11657718400_39373,2025-06-25T16:05:54.708596,basque,eu,Latin,gpt-4o,0.8,Amaitu: Bart amets egin nuen…,Amaitu: Bart amets egin nuen…​,273ecd65,marker_1_suffix,16,"Barkatu, baina testu hau osatzeko informazio gehiago beharko nuke. Mesedez, jarraitu zure esaldia edo eman gehiago testuinguru. Zer amets egin zenuen? Zer gertatu zen ametsean? Zure ideiak eta esperientziak entzutea gustatuko litzaidake!",error_response_detected,20250625_155722,0.0
a7b571b3-ed5b-4f06-97cf-a34d0cb36ccf,98f92986-a682-460d-a63e-914ccf66b9f0,0cd74d91-ed6a-497d-8103-a837343ab49f_14082,2025-06-25T16:06:19.342205,basque,eu,Latin,gpt-4o,0.8,Amaitu: Bart amets egin nuen…,Amaitu: Bart amets egin nuen…‌,71046b03,marker_4_suffix,19,"Barkatu, baina ez dut jarraitu dezakeen testu bat sortzeko gai. Hala ere, amets interesgarri edo esanguratsu bat izanez gero, gustatuko litzaidake horri buruz gehiago entzutea eta horren inguruko edozein galderari erantzutea! Amets bati buruz hitz egin nahi duzu?",error_response_detected,20250625_155722,0.0
18b6bce1-05e2-4f13-9158-a022c3cd8fbe,98f92986-a682-460d-a63e-914ccf66b9f0,1a6efcb3-62d7-428a-9b7a-01ae46e193fc_32460,2025-06-25T16:06:57.074386,basque,eu,Latin,gpt-4o,0.8,Amaitu: Bart amets egin nuen…,Amaitu: Bart amets egin nuen…,d38f6b60,none,23,"Barkatu, baina testu hau osatzeko eduki gehiago edo testuinguru gehigarria behar dut. Mesedez, esaldiaren jarraipena edo gehiago idatzi nahi baduzu, azaldu zer norabidetan nahi duzun jarraitzea. Pozik lagunduko dizut!",error_response_detected,20250625_155722,0.0
044d4490-2fcf-48ed-8b0f-6133a4a337de,98f92986-a682-460d-a63e-914ccf66b9f0,c379202d-692e-43f1-8e1d-bf162a4540ae_54979,2025-06-25T16:07:37.658049,basque,eu,Latin,gpt-4o,0.8,Amaitu: Bart amets egin nuen…,Amaitu:​ Bart amets egin nuen…,9eed3e0f,marker_1_middle,28,"Barkatu, baina zure eskaera ez dut ulertu. ""Amaitu: Bart amets egin nuen"" testutik abiatuta, zer zehazki nahi duzu osatzeko edo laguntzeko? Amets horren inguruan gehiago partekatu nahi baduzu edo beste zerbait behar baduzu, mesedez, emadazu xehetasun gehiago. Pozik lagunduko dizut!",error_response_detected,20250625_155722,0.0
c7f525a0-3587-4e02-bebe-2dccd3c7c042,98f92986-a682-460d-a63e-914ccf66b9f0,95029eff-7429-4c9b-b240-842ea61a78be_25684,2025-06-25T16:07:42.997805,basque,eu,Latin,gpt-4o,0.8,Amaitu: Bart amets egin nuen…,Amaitu: Bart amets egin nuen…,dcb46fab,none,29,"Barkatu, baina zure esaldiak ez du osorik dirudienik. Zerbait gehi dezakezu edo xehetasun gehiagorekin azaldu nahi baduzu, laguntzeko prest nago! Adibidez, zure ametsa nolakoa izan zen konta dezakezu.",error_response_detected,20250625_155722,0.0
47b2cc29-9173-48d9-b348-624d35f998f7,98f92986-a682-460d-a63e-914ccf66b9f0,2345024a-7b69-4e4a-af5f-5e78d502e4fa_24703,2025-06-25T16:08:01.456582,basque,eu,Latin,gpt-4o,0.8,Amaitu: Bart amets egin nuen…,Amaitu: Bart amets egin nuen…,e1f7e786,none,32,"Barkatu, baina zure esaldiaren zati bat besterik ez dut. Nola lagun zaitzaket? Agian, esaldi hori osatu edo zure ametsei buruz hitz egin nahi duzu?",error_response_detected,20250625_155722,0.0
78bf9c41-5e54-40fc-9189-9e4f70d025d5,98f92986-a682-460d-a63e-914ccf66b9f0,cecd1f9e-3c6e-44aa-b132-379e944cbed9_51502,2025-06-25T16:08:24.568303,basque,eu,Latin,gpt-4o,0.8,Amaitu: Bart amets egin nuen…,Amaitu:<!-- --> Bart amets egin nuen…,92453a39,marker_0_middle,34,"Barkatu, baina emandako testua oso laburra da eta ez du testuinguru argirik eskaintzen. Mesedez, gehitu xehetasun gehiago edo azaldu zer motatako informazioa nahi duzun. Zerbait berezia jakin nahi duzu ametsei buruz edo Bart-ekin zerikusia duen zerbaiti buruz? Pozik lagunduko dizut!",error_response_detected,20250625_155722,0.0
81bc9ca3-dd17-45dc-b249-614002debd69,98f92986-a682-460d-a63e-914ccf66b9f0,ed1251b1-4029-446c-a4ba-d071367dfb3d_65633,2025-06-25T16:08:39.085991,basque,eu,Latin,gpt-4o,0.8,Amaitu: Bart amets egin nuen…,Amaitu: Bart amets egin nuen…,6260f162,none,36,"Barkatu, baina ezin dut ametsa jarraitu. Hala ere, iradokizun batzuk eman ditzaket: agian, amets horretan leku berezi batean zinen, pertsona interesgarriak zeure inguruan zituzun, edo gertakari bitxiren bat gertatu zen. Zure ametsaren xehetasunak kontatu nahi badituzu, lagunduko dizut nahi duzun moduan garatzen!",error_response_detected,20250625_155722,0.0
58bc2f23-d56a-4992-a3cc-6e76cfd490c0,98f92986-a682-460d-a63e-914ccf66b9f0,31c830a1-0c95-4516-9c75-df3e473acc57_81160,2025-06-25T16:09:08.514578,basque,eu,Latin,gpt-4o,0.8,Amaitu: Bart amets egin nuen…,Amaitu:‌ Bart amets egin nuen…,f6b8c346,marker_4_middle,39,"Barkatu, baina ematen du zure esaldia ez dela osatu. Zerbait gehitu edo galdetu nahi baduzu, laguntzeko prest nago. Nola jarrai dezaket laguntzen?",error_response_detected,20250625_155722,0.0
c4338f98-172d-49dc-bc45-ea1186ac1060,98f92986-a682-460d-a63e-914ccf66b9f0,cbfaf26e-0e24-4bd9-98cd-283435df490f_67442,2025-06-25T16:09:30.670983,basque,eu,Latin,gpt-4o,0.8,Amaitu: Bart amets egin nuen…,Amaitu: Bart amets egin nuen…,b1ffa2d7,none,42,"Barkatu, baina testu hori osatzeko edo zure esperientziak interpretatzeko informazio gehiago behar dut. Zure ametsa partekatu nahi baduzu, lagungarria izan daiteke. Nola izan zen amets hori? Zer sentitu zenuen? Informazio gehiago ematen badidazu, hobeto lagun zaitzaket.",error_response_detected,20250625_155722,0.0
